"","season","yr","mnth","holiday","weekday","workingday","weathersit","temp","atemp","hum","windspeed","casual","registered","cnt"
"1","season1",0,1,"nonholiday","Sat","nonworkingday","weather2","lowtemp1",0.363625,"highhum2","lowwind1",331,654,985
"2","season1",0,1,"nonholiday","Sun","nonworkingday","weather2","lowtemp1",0.353739,"highhum2","highwind2",131,670,801
"3","season1",0,1,"nonholiday","Mon","workingday","weather1","lowtemp2",0.189405,"lowhum1","highwind2",120,1229,1349
"4","season1",0,1,"nonholiday","Tue","workingday","weather1","lowtemp2",0.212122,"highhum1","lowwind1",108,1454,1562
"5","season1",0,1,"nonholiday","Wed","workingday","weather1","lowtemp2",0.22927,"lowhum1","highwind1",82,1518,1600
"6","season1",0,1,"nonholiday","Thu","workingday","weather1","lowtemp2",0.233209,"highhum1","lowwind2",88,1518,1606
"7","season1",0,1,"nonholiday","Fri","workingday","weather2","lowtemp2",0.208839,"highhum1","lowwind1",148,1362,1510
"8","season1",0,1,"nonholiday","Sat","nonworkingday","weather2","lowtemp2",0.162254,"highhum1","highwind2",68,891,959
"9","season1",0,1,"nonholiday","Sun","nonworkingday","weather1","lowtemp2",0.116175,"lowhum1","highwind2",54,768,822
"10","season1",0,1,"nonholiday","Mon","workingday","weather1","lowtemp2",0.150888,"lowhum1","highwind1",41,1280,1321
"11","season1",0,1,"nonholiday","Tue","workingday","weather2","lowtemp2",0.191464,"highhum2","lowwind2",43,1220,1263
"12","season1",0,1,"nonholiday","Wed","workingday","weather1","lowtemp2",0.160473,"highhum1","highwind2",25,1137,1162
"13","season1",0,1,"nonholiday","Thu","workingday","weather1","lowtemp2",0.150883,"lowhum1","highwind2",38,1368,1406
"14","season1",0,1,"nonholiday","Fri","workingday","weather1","lowtemp2",0.188413,"highhum1","lowwind2",54,1367,1421
"15","season1",0,1,"nonholiday","Sat","nonworkingday","weather2","lowtemp2",0.248112,"highhum1","lowwind1",222,1026,1248
"16","season1",0,1,"nonholiday","Sun","nonworkingday","weather1","lowtemp2",0.234217,"lowhum1","highwind1",251,953,1204
"17","season1",0,1,"holiday","Mon","nonworkingday","weather2","lowtemp2",0.176771,"highhum1","highwind1",117,883,1000
"18","season1",0,1,"nonholiday","Tue","workingday","weather2","lowtemp2",0.232333,NA,"lowwind1",9,674,683
"19","season1",0,1,"nonholiday","Wed","workingday","weather2","lowtemp2",0.298422,"highhum2","highwind1",78,1572,1650
"20","season1",0,1,"nonholiday","Thu","workingday","weather2","lowtemp2",0.25505,"highhum1","highwind1",83,1844,1927
"21","season1",0,1,"nonholiday","Fri","workingday","weather1","lowtemp2",0.157833,"lowhum1","highwind2",75,1468,1543
"22","season1",0,1,"nonholiday","Sat","nonworkingday","weather1","lowtemp2",0.0790696,"lowhum1","lowwind1",93,888,981
"23","season1",0,1,"nonholiday","Sun","nonworkingday","weather1","lowtemp2",0.0988391,"lowhum1","highwind2",150,836,986
"24","season1",0,1,"nonholiday","Mon","workingday","weather1","lowtemp2",0.11793,"lowhum1","lowwind1",86,1330,1416
"25","season1",0,1,"nonholiday","Tue","workingday","weather2","lowtemp2",0.234526,"highhum1","lowwind2",186,1799,1985
"26","season1",0,1,"nonholiday","Wed","workingday","weather3","lowtemp2",0.2036,NA,"highwind2",34,472,506
"27","season1",0,1,"nonholiday","Thu","workingday","weather1","lowtemp2",0.2197,"highhum2","lowwind2",15,416,431
"28","season1",0,1,"nonholiday","Fri","workingday","weather2","lowtemp2",0.223317,"highhum2","lowwind2",38,1129,1167
"29","season1",0,1,"nonholiday","Sat","nonworkingday","weather1","lowtemp2",0.212126,"highhum1","lowwind1",123,975,1098
"30","season1",0,1,"nonholiday","Sun","nonworkingday","weather1","lowtemp2",0.250322,"highhum2","lowwind2",140,956,1096
"31","season1",0,1,"nonholiday","Mon","workingday","weather2","lowtemp2",0.18625,"highhum1","highwind1",42,1459,1501
"32","season1",0,2,"nonholiday","Tue","workingday","weather2","lowtemp2",0.23453,"highhum2","lowwind2",47,1313,1360
"33","season1",0,2,"nonholiday","Wed","workingday","weather2","lowtemp2",0.254417,"highhum2","highwind2",72,1454,1526
"34","season1",0,2,"nonholiday","Thu","workingday","weather1","lowtemp2",0.177878,"lowhum1","highwind2",61,1489,1550
"35","season1",0,2,"nonholiday","Fri","workingday","weather2","lowtemp2",0.228587,"highhum1","lowwind2",88,1620,1708
"36","season1",0,2,"nonholiday","Sat","nonworkingday","weather2","lowtemp2",0.243058,NA,"lowwind1",100,905,1005
"37","season1",0,2,"nonholiday","Sun","nonworkingday","weather1","lowtemp2",0.291671,"highhum1","lowwind1",354,1269,1623
"38","season1",0,2,"nonholiday","Mon","workingday","weather1","lowtemp2",0.303658,"highhum2","lowwind2",120,1592,1712
"39","season1",0,2,"nonholiday","Tue","workingday","weather1","lowtemp2",0.198246,"highhum1","highwind2",64,1466,1530
"40","season1",0,2,"nonholiday","Wed","workingday","weather2","lowtemp2",0.144283,"lowhum1","highwind1",53,1552,1605
"41","season1",0,2,"nonholiday","Thu","workingday","weather1","lowtemp2",0.149548,"lowhum1","highwind1",47,1491,1538
"42","season1",0,2,"nonholiday","Fri","workingday","weather1","lowtemp2",0.213509,"highhum1","lowwind2",149,1597,1746
"43","season1",0,2,"nonholiday","Sat","nonworkingday","weather1","lowtemp2",0.232954,"highhum1","highwind1",288,1184,1472
"44","season1",0,2,"nonholiday","Sun","nonworkingday","weather1","lowtemp2",0.324113,"lowhum1","highwind2",397,1192,1589
"45","season1",0,2,"nonholiday","Mon","workingday","weather1","lowtemp1",0.39835,"lowhum1","highwind2",208,1705,1913
"46","season1",0,2,"nonholiday","Tue","workingday","weather1","lowtemp2",0.254274,"lowhum2","highwind2",140,1675,1815
"47","season1",0,2,"nonholiday","Wed","workingday","weather1","lowtemp2",0.3162,"lowhum1","highwind2",218,1897,2115
"48","season1",0,2,"nonholiday","Thu","workingday","weather1","lowtemp1",0.428658,"highhum1","highwind1",259,2216,2475
"49","season1",0,2,"nonholiday","Fri","workingday","weather1","hightemp1",0.511983,"highhum1","highwind2",579,2348,2927
"50","season1",0,2,"nonholiday","Sat","nonworkingday","weather1","lowtemp1",0.391404,"lowhum2",NA,532,1103,1635
"51","season1",0,2,"nonholiday","Sun","nonworkingday","weather1","lowtemp2",0.27733,"lowhum1","highwind1",639,1173,1812
"52","season1",0,2,"holiday","Mon","nonworkingday","weather2","lowtemp2",0.284075,"highhum1","highwind2",195,912,1107
"53","season1",0,2,"nonholiday","Tue","workingday","weather1","lowtemp2",0.186033,"highhum1","highwind1",74,1376,1450
"54","season1",0,2,"nonholiday","Wed","workingday","weather1","lowtemp2",0.245717,"lowhum1","lowwind2",139,1778,1917
"55","season1",0,2,"nonholiday","Thu","workingday","weather2","lowtemp2",0.289191,"highhum2","highwind2",100,1707,1807
"56","season1",0,2,"nonholiday","Fri","workingday","weather2","lowtemp1",0.350461,"highhum2","highwind2",120,1341,1461
"57","season1",0,2,"nonholiday","Sat","nonworkingday","weather1","lowtemp2",0.282192,"highhum1","highwind1",424,1545,1969
"58","season1",0,2,"nonholiday","Sun","nonworkingday","weather1","lowtemp1",0.351109,"highhum2","lowwind2",694,1708,2402
"59","season1",0,2,"nonholiday","Mon","workingday","weather2","lowtemp1",0.400118,NA,"highwind2",81,1365,1446
"60","season1",0,3,"nonholiday","Tue","workingday","weather1","lowtemp2",0.263879,"highhum1","highwind1",137,1714,1851
"61","season1",0,3,"nonholiday","Wed","workingday","weather1","lowtemp2",0.320071,"lowhum1","highwind2",231,1903,2134
"62","season1",0,3,"nonholiday","Thu","workingday","weather1","lowtemp2",0.200133,"lowhum2","highwind1",123,1562,1685
"63","season1",0,3,"nonholiday","Fri","workingday","weather2","lowtemp2",0.255679,"highhum1","highwind1",214,1730,1944
"64","season1",0,3,"nonholiday","Sat","nonworkingday","weather2","lowtemp1",0.378779,"highhum2","highwind2",640,1437,2077
"65","season1",0,3,"nonholiday","Sun","nonworkingday","weather2","lowtemp1",0.366252,NA,"highwind2",114,491,605
"66","season1",0,3,"nonholiday","Mon","workingday","weather1","lowtemp2",0.238461,"highhum1","highwind2",244,1628,1872
"67","season1",0,3,"nonholiday","Tue","workingday","weather1","lowtemp2",0.3024,"lowhum1","lowwind2",316,1817,2133
"68","season1",0,3,"nonholiday","Wed","workingday","weather2","lowtemp2",0.286608,"highhum2","highwind1",191,1700,1891
"69","season1",0,3,"nonholiday","Thu","workingday","weather3","lowtemp1",0.385668,NA,"highwind2",46,577,623
"70","season1",0,3,"nonholiday","Fri","workingday","weather2","lowtemp2",0.305,"highhum1","highwind1",247,1730,1977
"71","season1",0,3,"nonholiday","Sat","nonworkingday","weather1","lowtemp2",0.32575,"highhum1","highwind1",724,1408,2132
"72","season1",0,3,"nonholiday","Sun","nonworkingday","weather1","lowtemp1",0.380091,"highhum1","highwind2",982,1435,2417
"73","season1",0,3,"nonholiday","Mon","workingday","weather1","lowtemp2",0.332,"lowhum1","lowwind1",359,1687,2046
"74","season1",0,3,"nonholiday","Tue","workingday","weather2","lowtemp2",0.318178,"highhum2","highwind1",289,1767,2056
"75","season1",0,3,"nonholiday","Wed","workingday","weather2","lowtemp1",0.36693,"highhum2","highwind1",321,1871,2192
"76","season1",0,3,"nonholiday","Thu","workingday","weather1","lowtemp1",0.410333,"highhum1","highwind1",424,2320,2744
"77","season1",0,3,"nonholiday","Fri","workingday","weather1","hightemp1",0.527009,"highhum1","highwind1",884,2355,3239
"78","season1",0,3,"nonholiday","Sat","nonworkingday","weather1","lowtemp1",0.466525,"lowhum1","highwind2",1424,1693,3117
"79","season1",0,3,"nonholiday","Sun","nonworkingday","weather1","lowtemp2",0.32575,"lowhum1","highwind1",1047,1424,2471
"80","season2",0,3,"nonholiday","Mon","workingday","weather2","lowtemp1",0.409735,"highhum2","highwind2",401,1676,2077
"81","season2",0,3,"nonholiday","Tue","workingday","weather1","lowtemp1",0.440642,"highhum1","highwind1",460,2243,2703
"82","season2",0,3,"nonholiday","Wed","workingday","weather2","lowtemp1",0.337939,"highhum2","highwind2",203,1918,2121
"83","season2",0,3,"nonholiday","Thu","workingday","weather2","lowtemp2",0.270833,"highhum2","highwind2",166,1699,1865
"84","season2",0,3,"nonholiday","Fri","workingday","weather1","lowtemp2",0.256312,"lowhum1","highwind1",300,1910,2210
"85","season2",0,3,"nonholiday","Sat","nonworkingday","weather1","lowtemp2",0.257571,"lowhum1","highwind1",981,1515,2496
"86","season2",0,3,"nonholiday","Sun","nonworkingday","weather2","lowtemp2",0.250339,"lowhum1","highwind1",472,1221,1693
"87","season2",0,3,"nonholiday","Mon","workingday","weather1","lowtemp2",0.257574,"lowhum2","highwind1",222,1806,2028
"88","season2",0,3,"nonholiday","Tue","workingday","weather1","lowtemp2",0.292908,"lowhum2","highwind1",317,2108,2425
"89","season2",0,3,"nonholiday","Wed","workingday","weather2","lowtemp2",0.29735,"highhum1","lowwind1",168,1368,1536
"90","season2",0,3,"nonholiday","Thu","workingday","weather3","lowtemp2",0.257575,NA,"highwind1",179,1506,1685
"91","season2",0,4,"nonholiday","Fri","workingday","weather2","lowtemp2",0.283454,"highhum2","highwind2",307,1920,2227
"92","season2",0,4,"nonholiday","Sat","nonworkingday","weather2","lowtemp2",0.315637,"highhum1","highwind1",898,1354,2252
"93","season2",0,4,"nonholiday","Sun","nonworkingday","weather1","lowtemp1",0.378767,"lowhum1","highwind1",1651,1598,3249
"94","season2",0,4,"nonholiday","Mon","workingday","weather1","hightemp1",0.542929,"lowhum1","highwind2",734,2381,3115
"95","season2",0,4,"nonholiday","Tue","workingday","weather2","lowtemp1",0.39835,"highhum1","highwind2",167,1628,1795
"96","season2",0,4,"nonholiday","Wed","workingday","weather1","lowtemp1",0.387608,"lowhum1","highwind2",413,2395,2808
"97","season2",0,4,"nonholiday","Thu","workingday","weather1","lowtemp1",0.433696,"highhum1","lowwind1",571,2570,3141
"98","season2",0,4,"nonholiday","Fri","workingday","weather2","lowtemp2",0.324479,"highhum2","highwind1",172,1299,1471
"99","season2",0,4,"nonholiday","Sat","nonworkingday","weather2","lowtemp1",0.341529,NA,"lowwind2",879,1576,2455
"100","season2",0,4,"nonholiday","Sun","nonworkingday","weather2","lowtemp1",0.426737,"highhum2","lowwind1",1188,1707,2895
"101","season2",0,4,"nonholiday","Mon","workingday","weather2","hightemp1",0.565217,"highhum2","highwind2",855,2493,3348
"102","season2",0,4,"nonholiday","Tue","workingday","weather2","hightemp1",0.493054,"highhum2","highwind2",257,1777,2034
"103","season2",0,4,"nonholiday","Wed","workingday","weather2","lowtemp1",0.417283,"highhum2","highwind2",209,1953,2162
"104","season2",0,4,"nonholiday","Thu","workingday","weather1","lowtemp1",0.462742,"highhum1","lowwind2",529,2738,3267
"105","season2",0,4,"holiday","Fri","nonworkingday","weather1","lowtemp1",0.441913,"highhum2","highwind1",642,2484,3126
"106","season2",0,4,"nonholiday","Sat","nonworkingday","weather3","lowtemp1",0.425492,NA,"highwind2",121,674,795
"107","season2",0,4,"nonholiday","Sun","nonworkingday","weather1","lowtemp1",0.445696,"lowhum1","highwind2",1558,2186,3744
"108","season2",0,4,"nonholiday","Mon","workingday","weather1","hightemp1",0.503146,"highhum1","lowwind1",669,2760,3429
"109","season2",0,4,"nonholiday","Tue","workingday","weather2","hightemp1",0.489258,"highhum2","lowwind1",409,2795,3204
"110","season2",0,4,"nonholiday","Wed","workingday","weather1","hightemp1",0.564392,"highhum1","highwind2",613,3331,3944
"111","season2",0,4,"nonholiday","Thu","workingday","weather1","lowtemp1",0.453892,"lowhum1","highwind2",745,3444,4189
"112","season2",0,4,"nonholiday","Fri","workingday","weather2","lowtemp2",0.321954,"highhum2","highwind1",177,1506,1683
"113","season2",0,4,"nonholiday","Sat","nonworkingday","weather2","lowtemp1",0.450121,NA,"highwind1",1462,2574,4036
"114","season2",0,4,"nonholiday","Sun","nonworkingday","weather2","hightemp1",0.551763,"highhum2","highwind1",1710,2481,4191
"115","season2",0,4,"nonholiday","Mon","workingday","weather1","hightemp1",0.5745,"highhum2","highwind1",773,3300,4073
"116","season2",0,4,"nonholiday","Tue","workingday","weather1","hightemp1",0.594083,"highhum2","highwind2",678,3722,4400
"117","season2",0,4,"nonholiday","Wed","workingday","weather2","hightemp1",0.575142,"highhum2","highwind2",547,3325,3872
"118","season2",0,4,"nonholiday","Thu","workingday","weather2","hightemp1",0.578929,"highhum2","highwind2",569,3489,4058
"119","season2",0,4,"nonholiday","Fri","workingday","weather1","hightemp1",0.497463,"lowhum1","highwind2",878,3717,4595
"120","season2",0,4,"nonholiday","Sat","nonworkingday","weather1","lowtemp1",0.464021,"highhum1","highwind2",1965,3347,5312
"121","season2",0,5,"nonholiday","Sun","nonworkingday","weather2","lowtemp1",0.448204,"highhum2","lowwind2",1138,2213,3351
"122","season2",0,5,"nonholiday","Mon","workingday","weather2","hightemp1",0.532833,"highhum2","highwind1",847,3554,4401
"123","season2",0,5,"nonholiday","Tue","workingday","weather2","hightemp1",0.582079,"highhum2","highwind2",603,3848,4451
"124","season2",0,5,"nonholiday","Wed","workingday","weather2","lowtemp1",0.40465,"highhum2","highwind2",255,2378,2633
"125","season2",0,5,"nonholiday","Thu","workingday","weather1","lowtemp1",0.441917,"lowhum1","highwind2",614,3819,4433
"126","season2",0,5,"nonholiday","Fri","workingday","weather1","lowtemp1",0.474117,"highhum1","highwind1",894,3714,4608
"127","season2",0,5,"nonholiday","Sat","nonworkingday","weather1","hightemp1",0.512621,"highhum1","lowwind1",1612,3102,4714
"128","season2",0,5,"nonholiday","Sun","nonworkingday","weather1","hightemp1",0.518933,"highhum1","lowwind2",1401,2932,4333
"129","season2",0,5,"nonholiday","Mon","workingday","weather1","hightemp1",0.525246,"highhum1","lowwind1",664,3698,4362
"130","season2",0,5,"nonholiday","Tue","workingday","weather1","hightemp1",0.522721,"lowhum1","lowwind2",694,4109,4803
"131","season2",0,5,"nonholiday","Wed","workingday","weather1","hightemp1",0.5284,"highhum1","lowwind2",550,3632,4182
"132","season2",0,5,"nonholiday","Thu","workingday","weather1","hightemp1",0.523363,"highhum2","highwind1",695,4169,4864
"133","season2",0,5,"nonholiday","Fri","workingday","weather2","hightemp1",0.4943,NA,"lowwind1",692,3413,4105
"134","season2",0,5,"nonholiday","Sat","nonworkingday","weather2","hightemp1",0.500629,NA,"lowwind1",902,2507,3409
"135","season2",0,5,"nonholiday","Sun","nonworkingday","weather2","hightemp1",0.536,NA,"lowwind1",1582,2971,4553
"136","season2",0,5,"nonholiday","Mon","workingday","weather1","hightemp1",0.550512,"highhum2","lowwind2",773,3185,3958
"137","season2",0,5,"nonholiday","Tue","workingday","weather2","hightemp1",0.538529,"highhum2","highwind2",678,3445,4123
"138","season2",0,5,"nonholiday","Wed","workingday","weather2","hightemp1",0.527158,NA,"highwind1",536,3319,3855
"139","season2",0,5,"nonholiday","Thu","workingday","weather2","hightemp1",0.510742,"highhum2","lowwind2",735,3840,4575
"140","season2",0,5,"nonholiday","Fri","workingday","weather1","hightemp1",0.529042,"highhum2","lowwind2",909,4008,4917
"141","season2",0,5,"nonholiday","Sat","nonworkingday","weather1","hightemp1",0.571975,"highhum1","lowwind2",2258,3547,5805
"142","season2",0,5,"nonholiday","Sun","nonworkingday","weather1","hightemp1",0.5745,"highhum2","lowwind1",1576,3084,4660
"143","season2",0,5,"nonholiday","Mon","workingday","weather2","hightemp1",0.590296,"highhum2","highwind2",836,3438,4274
"144","season2",0,5,"nonholiday","Tue","workingday","weather2","hightemp2",0.604813,"highhum2","highwind1",659,3833,4492
"145","season2",0,5,"nonholiday","Wed","workingday","weather1","hightemp2",0.615542,"highhum2","lowwind1",740,4238,4978
"146","season2",0,5,"nonholiday","Thu","workingday","weather1","hightemp2",0.654688,"highhum2","highwind1",758,3919,4677
"147","season2",0,5,"nonholiday","Fri","workingday","weather1","hightemp2",0.637008,"highhum1","highwind2",871,3808,4679
"148","season2",0,5,"nonholiday","Sat","nonworkingday","weather1","hightemp2",0.612379,"highhum2","highwind1",2001,2757,4758
"149","season2",0,5,"nonholiday","Sun","nonworkingday","weather1","hightemp2",0.61555,"highhum2","highwind1",2355,2433,4788
"150","season2",0,5,"holiday","Mon","nonworkingday","weather1","hightemp2",0.671092,"highhum2","lowwind2",1549,2549,4098
"151","season2",0,5,"nonholiday","Tue","workingday","weather1","hightemp2",0.725383,"highhum1","lowwind2",673,3309,3982
"152","season2",0,6,"nonholiday","Wed","workingday","weather2","hightemp2",0.720967,"highhum2","highwind1",513,3461,3974
"153","season2",0,6,"nonholiday","Thu","workingday","weather1","hightemp2",0.643942,"lowhum2","highwind2",736,4232,4968
"154","season2",0,6,"nonholiday","Fri","workingday","weather1","hightemp1",0.587133,"lowhum1","highwind2",898,4414,5312
"155","season2",0,6,"nonholiday","Sat","nonworkingday","weather1","hightemp1",0.594696,"lowhum1","lowwind2",1869,3473,5342
"156","season2",0,6,"nonholiday","Sun","nonworkingday","weather2","hightemp1",0.616804,"highhum1","lowwind1",1685,3221,4906
"157","season2",0,6,"nonholiday","Mon","workingday","weather1","hightemp2",0.621858,"highhum1","lowwind2",673,3875,4548
"158","season2",0,6,"nonholiday","Tue","workingday","weather1","hightemp2",0.65595,"highhum1","highwind1",763,4070,4833
"159","season2",0,6,"nonholiday","Wed","workingday","weather1","hightemp2",0.727279,"highhum1","lowwind1",676,3725,4401
"160","season2",0,6,"nonholiday","Thu","workingday","weather2","hightemp2",0.757579,"highhum1","lowwind1",563,3352,3915
"161","season2",0,6,"nonholiday","Fri","workingday","weather1","hightemp2",0.703292,"highhum1","lowwind1",815,3771,4586
"162","season2",0,6,"nonholiday","Sat","nonworkingday","weather1","hightemp2",0.678038,"highhum1","lowwind1",1729,3237,4966
"163","season2",0,6,"nonholiday","Sun","nonworkingday","weather1","hightemp2",0.643325,"highhum2","lowwind1",1467,2993,4460
"164","season2",0,6,"nonholiday","Mon","workingday","weather1","hightemp1",0.601654,"lowhum1","highwind2",863,4157,5020
"165","season2",0,6,"nonholiday","Tue","workingday","weather1","hightemp1",0.591546,"highhum1","highwind2",727,4164,4891
"166","season2",0,6,"nonholiday","Wed","workingday","weather1","hightemp1",0.587754,"lowhum1","lowwind1",769,4411,5180
"167","season2",0,6,"nonholiday","Thu","workingday","weather2","hightemp1",0.595346,"highhum2","highwind1",545,3222,3767
"168","season2",0,6,"nonholiday","Fri","workingday","weather1","hightemp1",0.600383,"highhum2","lowwind1",863,3981,4844
"169","season2",0,6,"nonholiday","Sat","nonworkingday","weather1","hightemp2",0.643954,"highhum2","lowwind2",1807,3312,5119
"170","season2",0,6,"nonholiday","Sun","nonworkingday","weather2","hightemp2",0.645846,"highhum2","lowwind2",1639,3105,4744
"171","season2",0,6,"nonholiday","Mon","workingday","weather2","hightemp1",0.595346,"highhum2","lowwind1",699,3311,4010
"172","season3",0,6,"nonholiday","Tue","workingday","weather2","hightemp2",0.637646,"highhum2","lowwind1",774,4061,4835
"173","season3",0,6,"nonholiday","Wed","workingday","weather1","hightemp2",0.693829,"highhum2","lowwind1",661,3846,4507
"174","season3",0,6,"nonholiday","Thu","workingday","weather2","hightemp2",0.693833,"highhum2","highwind2",746,4044,4790
"175","season3",0,6,"nonholiday","Fri","workingday","weather1","hightemp2",0.656583,"highhum1","highwind1",969,4022,4991
"176","season3",0,6,"nonholiday","Sat","nonworkingday","weather1","hightemp2",0.643313,"lowhum1","highwind1",1782,3420,5202
"177","season3",0,6,"nonholiday","Sun","nonworkingday","weather1","hightemp2",0.637629,"highhum1","lowwind2",1920,3385,5305
"178","season3",0,6,"nonholiday","Mon","workingday","weather2","hightemp2",0.637004,"highhum2","lowwind2",854,3854,4708
"179","season3",0,6,"nonholiday","Tue","workingday","weather1","hightemp2",0.692558,"highhum1","lowwind1",732,3916,4648
"180","season3",0,6,"nonholiday","Wed","workingday","weather1","hightemp2",0.654688,"lowhum1","highwind2",848,4377,5225
"181","season3",0,6,"nonholiday","Thu","workingday","weather1","hightemp2",0.637008,"lowhum1","highwind1",1027,4488,5515
"182","season3",0,7,"nonholiday","Fri","workingday","weather1","hightemp2",0.652162,"lowhum1","lowwind2",1246,4116,5362
"183","season3",0,7,"nonholiday","Sat","nonworkingday","weather1","hightemp2",0.667308,"lowhum1","lowwind2",2204,2915,5119
"184","season3",0,7,"nonholiday","Sun","nonworkingday","weather2","hightemp2",0.668575,"highhum2","highwind1",2282,2367,4649
"185","season3",0,7,"holiday","Mon","nonworkingday","weather2","hightemp2",0.665417,"highhum1","lowwind2",3065,2978,6043
"186","season3",0,7,"nonholiday","Tue","workingday","weather1","hightemp2",0.696338,"highhum1","lowwind2",1031,3634,4665
"187","season3",0,7,"nonholiday","Wed","workingday","weather1","hightemp2",0.685633,"highhum2","lowwind1",784,3845,4629
"188","season3",0,7,"nonholiday","Thu","workingday","weather1","hightemp2",0.686871,"highhum1","lowwind1",754,3838,4592
"189","season3",0,7,"nonholiday","Fri","workingday","weather2","hightemp2",0.670483,"highhum2","highwind1",692,3348,4040
"190","season3",0,7,"nonholiday","Sat","nonworkingday","weather1","hightemp2",0.664158,"highhum1","lowwind1",1988,3348,5336
"191","season3",0,7,"nonholiday","Sun","nonworkingday","weather1","hightemp2",0.690025,"highhum1","highwind1",1743,3138,4881
"192","season3",0,7,"nonholiday","Mon","workingday","weather1","hightemp2",0.729804,"highhum1","highwind2",723,3363,4086
"193","season3",0,7,"nonholiday","Tue","workingday","weather1","hightemp2",0.739275,"highhum1","highwind1",662,3596,4258
"194","season3",0,7,"nonholiday","Wed","workingday","weather1","hightemp2",0.689404,"highhum1","lowwind1",748,3594,4342
"195","season3",0,7,"nonholiday","Thu","workingday","weather1","hightemp2",0.635104,"lowhum1","highwind2",888,4196,5084
"196","season3",0,7,"nonholiday","Fri","workingday","weather1","hightemp2",0.624371,"highhum1","highwind1",1318,4220,5538
"197","season3",0,7,"nonholiday","Sat","nonworkingday","weather1","hightemp2",0.638263,"highhum1","highwind1",2418,3505,5923
"198","season3",0,7,"nonholiday","Sun","nonworkingday","weather1","hightemp2",0.669833,"highhum1","highwind2",2006,3296,5302
"199","season3",0,7,"nonholiday","Mon","workingday","weather1","hightemp2",0.703925,"highhum1","highwind1",841,3617,4458
"200","season3",0,7,"nonholiday","Tue","workingday","weather1","hightemp2",0.747479,"highhum1","lowwind2",752,3789,4541
"201","season3",0,7,"nonholiday","Wed","workingday","weather1","hightemp2",0.74685,"highhum2","lowwind2",644,3688,4332
"202","season3",0,7,"nonholiday","Thu","workingday","weather2","hightemp2",0.826371,"highhum2","highwind1",632,3152,3784
"203","season3",0,7,"nonholiday","Fri","workingday","weather1","hightemp2",0.840896,"highhum1","lowwind2",562,2825,3387
"204","season3",0,7,"nonholiday","Sat","nonworkingday","weather1","hightemp2",0.804287,"highhum1","lowwind2",987,2298,3285
"205","season3",0,7,"nonholiday","Sun","nonworkingday","weather1","hightemp2",0.794829,"highhum1","lowwind1",1050,2556,3606
"206","season3",0,7,"nonholiday","Mon","workingday","weather1","hightemp2",0.720958,"highhum2","lowwind2",568,3272,3840
"207","season3",0,7,"nonholiday","Tue","workingday","weather1","hightemp2",0.696979,"highhum1","highwind1",750,3840,4590
"208","season3",0,7,"nonholiday","Wed","workingday","weather1","hightemp2",0.690667,"lowhum1","highwind1",755,3901,4656
"209","season3",0,7,"nonholiday","Thu","workingday","weather1","hightemp2",0.7399,"highhum1","lowwind1",606,3784,4390
"210","season3",0,7,"nonholiday","Fri","workingday","weather1","hightemp2",0.785967,"highhum1","lowwind1",670,3176,3846
"211","season3",0,7,"nonholiday","Sat","nonworkingday","weather1","hightemp2",0.728537,"lowhum1","lowwind1",1559,2916,4475
"212","season3",0,7,"nonholiday","Sun","nonworkingday","weather1","hightemp2",0.729796,"lowhum1","lowwind1",1524,2778,4302
"213","season3",0,8,"nonholiday","Mon","workingday","weather1","hightemp2",0.703292,"highhum1","lowwind1",729,3537,4266
"214","season3",0,8,"nonholiday","Tue","workingday","weather1","hightemp2",0.707071,"lowhum1","highwind1",801,4044,4845
"215","season3",0,8,"nonholiday","Wed","workingday","weather2","hightemp2",0.679937,"highhum2","lowwind1",467,3107,3574
"216","season3",0,8,"nonholiday","Thu","workingday","weather2","hightemp2",0.664788,"highhum2","highwind1",799,3777,4576
"217","season3",0,8,"nonholiday","Fri","workingday","weather1","hightemp2",0.656567,"highhum1","highwind1",1023,3843,4866
"218","season3",0,8,"nonholiday","Sat","nonworkingday","weather2","hightemp2",0.676154,"highhum2","highwind1",1521,2773,4294
"219","season3",0,8,"nonholiday","Sun","nonworkingday","weather1","hightemp2",0.715292,"highhum2","highwind1",1298,2487,3785
"220","season3",0,8,"nonholiday","Mon","workingday","weather1","hightemp2",0.703283,"highhum1","highwind1",846,3480,4326
"221","season3",0,8,"nonholiday","Tue","workingday","weather1","hightemp2",0.724121,"highhum1","lowwind1",907,3695,4602
"222","season3",0,8,"nonholiday","Wed","workingday","weather1","hightemp2",0.684983,"lowhum1","highwind1",884,3896,4780
"223","season3",0,8,"nonholiday","Thu","workingday","weather1","hightemp2",0.651521,"lowhum1","lowwind1",812,3980,4792
"224","season3",0,8,"nonholiday","Fri","workingday","weather1","hightemp2",0.654042,"lowhum1","lowwind2",1051,3854,4905
"225","season3",0,8,"nonholiday","Sat","nonworkingday","weather2","hightemp2",0.645858,"highhum2","highwind1",1504,2646,4150
"226","season3",0,8,"nonholiday","Sun","nonworkingday","weather2","hightemp2",0.624388,"highhum2","highwind1",1338,2482,3820
"227","season3",0,8,"nonholiday","Mon","workingday","weather1","hightemp2",0.616167,"highhum2","highwind1",775,3563,4338
"228","season3",0,8,"nonholiday","Tue","workingday","weather1","hightemp2",0.645837,"highhum1","highwind2",721,4004,4725
"229","season3",0,8,"nonholiday","Wed","workingday","weather1","hightemp2",0.666671,"highhum1","lowwind1",668,4026,4694
"230","season3",0,8,"nonholiday","Thu","workingday","weather1","hightemp2",0.662258,"highhum1","highwind1",639,3166,3805
"231","season3",0,8,"nonholiday","Fri","workingday","weather2","hightemp2",0.633221,"highhum2","lowwind1",797,3356,4153
"232","season3",0,8,"nonholiday","Sat","nonworkingday","weather1","hightemp2",0.648996,"highhum2","lowwind2",1914,3277,5191
"233","season3",0,8,"nonholiday","Sun","nonworkingday","weather1","hightemp2",0.675525,"highhum2","highwind2",1249,2624,3873
"234","season3",0,8,"nonholiday","Mon","workingday","weather1","hightemp2",0.638254,"lowhum1","highwind2",833,3925,4758
"235","season3",0,8,"nonholiday","Tue","workingday","weather1","hightemp1",0.606067,"lowhum1","lowwind1",1281,4614,5895
"236","season3",0,8,"nonholiday","Wed","workingday","weather1","hightemp2",0.630692,"highhum1","highwind2",949,4181,5130
"237","season3",0,8,"nonholiday","Thu","workingday","weather2","hightemp2",0.645854,"highhum2","highwind1",435,3107,3542
"238","season3",0,8,"nonholiday","Fri","workingday","weather1","hightemp2",0.659733,"highhum2","lowwind2",768,3893,4661
"239","season3",0,8,"nonholiday","Sat","nonworkingday","weather2","hightemp2",0.635556,"highhum2","highwind2",226,889,1115
"240","season3",0,8,"nonholiday","Sun","nonworkingday","weather1","hightemp2",0.647959,"highhum1","highwind2",1415,2919,4334
"241","season3",0,8,"nonholiday","Mon","workingday","weather1","hightemp1",0.607958,"highhum1","lowwind1",729,3905,4634
"242","season3",0,8,"nonholiday","Tue","workingday","weather1","hightemp1",0.594704,"highhum1","lowwind2",775,4429,5204
"243","season3",0,8,"nonholiday","Wed","workingday","weather1","hightemp2",0.611121,"highhum1","lowwind2",688,4370,5058
"244","season3",0,9,"nonholiday","Thu","workingday","weather1","hightemp1",0.614921,"highhum1","lowwind1",783,4332,5115
"245","season3",0,9,"nonholiday","Fri","workingday","weather2","hightemp1",0.604808,"highhum2","lowwind1",875,3852,4727
"246","season3",0,9,"nonholiday","Sat","nonworkingday","weather1","hightemp2",0.633213,"highhum2","highwind1",1935,2549,4484
"247","season3",0,9,"nonholiday","Sun","nonworkingday","weather1","hightemp2",0.665429,"highhum2","highwind1",2521,2419,4940
"248","season3",0,9,"holiday","Mon","nonworkingday","weather2","hightemp2",0.625646,"highhum2","highwind1",1236,2115,3351
"249","season3",0,9,"nonholiday","Tue","workingday","weather3","hightemp1",0.5152,NA,"highwind2",204,2506,2710
"250","season3",0,9,"nonholiday","Wed","workingday","weather3","hightemp1",0.544229,NA,"lowwind2",118,1878,1996
"251","season3",0,9,"nonholiday","Thu","workingday","weather3","hightemp1",0.555361,NA,"highwind1",153,1689,1842
"252","season3",0,9,"nonholiday","Fri","workingday","weather2","hightemp1",0.578946,NA,"lowwind2",417,3127,3544
"253","season3",0,9,"nonholiday","Sat","nonworkingday","weather1","hightemp2",0.607962,"highhum2","lowwind1",1750,3595,5345
"254","season3",0,9,"nonholiday","Sun","nonworkingday","weather1","hightemp1",0.609229,"highhum2","lowwind2",1633,3413,5046
"255","season3",0,9,"nonholiday","Mon","workingday","weather1","hightemp1",0.60213,"highhum2","lowwind2",690,4023,4713
"256","season3",0,9,"nonholiday","Tue","workingday","weather1","hightemp1",0.603554,"highhum2","lowwind1",701,4062,4763
"257","season3",0,9,"nonholiday","Wed","workingday","weather1","hightemp2",0.6269,"highhum2","lowwind1",647,4138,4785
"258","season3",0,9,"nonholiday","Thu","workingday","weather2","hightemp1",0.553671,"highhum2","highwind2",428,3231,3659
"259","season3",0,9,"nonholiday","Fri","workingday","weather2","lowtemp1",0.461475,"highhum1","lowwind1",742,4018,4760
"260","season3",0,9,"nonholiday","Sat","nonworkingday","weather2","lowtemp1",0.478512,"highhum2","highwind1",1434,3077,4511
"261","season3",0,9,"nonholiday","Sun","nonworkingday","weather1","hightemp1",0.490537,"highhum2","lowwind1",1353,2921,4274
"262","season3",0,9,"nonholiday","Mon","workingday","weather2","hightemp1",0.529675,"highhum2","lowwind1",691,3848,4539
"263","season3",0,9,"nonholiday","Tue","workingday","weather2","hightemp1",0.532217,NA,"lowwind1",438,3203,3641
"264","season3",0,9,"nonholiday","Wed","workingday","weather2","hightemp1",0.550533,NA,"lowwind2",539,3813,4352
"265","season3",0,9,"nonholiday","Thu","workingday","weather2","hightemp1",0.554963,NA,"lowwind2",555,4240,4795
"266","season4",0,9,"nonholiday","Fri","workingday","weather2","hightemp1",0.522125,NA,"lowwind2",258,2137,2395
"267","season4",0,9,"nonholiday","Sat","nonworkingday","weather2","hightemp1",0.564412,NA,"lowwind2",1776,3647,5423
"268","season4",0,9,"nonholiday","Sun","nonworkingday","weather2","hightemp1",0.572637,"highhum2","lowwind2",1544,3466,5010
"269","season4",0,9,"nonholiday","Mon","workingday","weather2","hightemp1",0.589042,"highhum2","lowwind2",684,3946,4630
"270","season4",0,9,"nonholiday","Tue","workingday","weather2","hightemp1",0.574525,NA,"lowwind2",477,3643,4120
"271","season4",0,9,"nonholiday","Wed","workingday","weather2","hightemp1",0.575158,"highhum2","lowwind1",480,3427,3907
"272","season4",0,9,"nonholiday","Thu","workingday","weather1","hightemp1",0.574512,"highhum2","lowwind1",653,4186,4839
"273","season4",0,9,"nonholiday","Fri","workingday","weather1","hightemp1",0.544829,"highhum1","highwind1",830,4372,5202
"274","season4",0,10,"nonholiday","Sat","nonworkingday","weather2","lowtemp1",0.412863,"highhum2","highwind2",480,1949,2429
"275","season4",0,10,"nonholiday","Sun","nonworkingday","weather2","lowtemp1",0.345317,"highhum2","highwind1",616,2302,2918
"276","season4",0,10,"nonholiday","Mon","workingday","weather2","lowtemp1",0.392046,"highhum2","lowwind2",330,3240,3570
"277","season4",0,10,"nonholiday","Tue","workingday","weather1","lowtemp1",0.472858,"highhum2","highwind1",486,3970,4456
"278","season4",0,10,"nonholiday","Wed","workingday","weather1","hightemp1",0.527138,"highhum1","lowwind1",559,4267,4826
"279","season4",0,10,"nonholiday","Thu","workingday","weather1","lowtemp1",0.480425,"highhum1","lowwind1",639,4126,4765
"280","season4",0,10,"nonholiday","Fri","workingday","weather1","hightemp1",0.504404,"highhum2","lowwind2",949,4036,4985
"281","season4",0,10,"nonholiday","Sat","nonworkingday","weather1","hightemp1",0.513242,"highhum2","lowwind2",2235,3174,5409
"282","season4",0,10,"nonholiday","Sun","nonworkingday","weather1","hightemp1",0.523983,"highhum2","lowwind2",2397,3114,5511
"283","season4",0,10,"holiday","Mon","nonworkingday","weather1","hightemp1",0.542925,"highhum2","lowwind2",1514,3603,5117
"284","season4",0,10,"nonholiday","Tue","workingday","weather2","hightemp1",0.546096,"highhum2","lowwind1",667,3896,4563
"285","season4",0,10,"nonholiday","Wed","workingday","weather3","hightemp1",0.517717,NA,"highwind2",217,2199,2416
"286","season4",0,10,"nonholiday","Thu","workingday","weather2","hightemp1",0.551804,NA,"lowwind1",290,2623,2913
"287","season4",0,10,"nonholiday","Fri","workingday","weather2","hightemp1",0.529675,"highhum2","highwind1",529,3115,3644
"288","season4",0,10,"nonholiday","Sat","nonworkingday","weather1","hightemp1",0.498725,"lowhum1","highwind2",1899,3318,5217
"289","season4",0,10,"nonholiday","Sun","nonworkingday","weather1","hightemp1",0.503154,"lowhum1","highwind2",1748,3293,5041
"290","season4",0,10,"nonholiday","Mon","workingday","weather1","hightemp1",0.510725,"highhum1","lowwind1",713,3857,4570
"291","season4",0,10,"nonholiday","Tue","workingday","weather2","hightemp1",0.522721,"highhum2","lowwind2",637,4111,4748
"292","season4",0,10,"nonholiday","Wed","workingday","weather3","hightemp1",0.513848,NA,"highwind2",254,2170,2424
"293","season4",0,10,"nonholiday","Thu","workingday","weather1","lowtemp1",0.466525,"highhum1","highwind2",471,3724,4195
"294","season4",0,10,"nonholiday","Fri","workingday","weather1","lowtemp1",0.423596,"highhum1","highwind1",676,3628,4304
"295","season4",0,10,"nonholiday","Sat","nonworkingday","weather1","lowtemp1",0.425492,"highhum1","lowwind2",1499,2809,4308
"296","season4",0,10,"nonholiday","Sun","nonworkingday","weather1","lowtemp1",0.422333,"highhum2","lowwind2",1619,2762,4381
"297","season4",0,10,"nonholiday","Mon","workingday","weather1","lowtemp1",0.457067,"highhum2","lowwind2",699,3488,4187
"298","season4",0,10,"nonholiday","Tue","workingday","weather1","lowtemp1",0.463375,"highhum1","lowwind1",695,3992,4687
"299","season4",0,10,"nonholiday","Wed","workingday","weather2","lowtemp1",0.472846,"highhum2","lowwind1",404,3490,3894
"300","season4",0,10,"nonholiday","Thu","workingday","weather2","lowtemp1",0.457046,"highhum2","highwind1",240,2419,2659
"301","season4",0,10,"nonholiday","Fri","workingday","weather2","lowtemp2",0.318812,"highhum1","highwind1",456,3291,3747
"302","season4",0,10,"nonholiday","Sat","nonworkingday","weather3","lowtemp2",0.227913,NA,"highwind2",57,570,627
"303","season4",0,10,"nonholiday","Sun","nonworkingday","weather1","lowtemp2",0.321329,"highhum1","lowwind1",885,2446,3331
"304","season4",0,10,"nonholiday","Mon","workingday","weather1","lowtemp1",0.356063,"highhum2","lowwind2",362,3307,3669
"305","season4",0,11,"nonholiday","Tue","workingday","weather1","lowtemp1",0.397088,"highhum2","lowwind1",410,3658,4068
"306","season4",0,11,"nonholiday","Wed","workingday","weather1","lowtemp1",0.390133,"highhum2","lowwind2",370,3816,4186
"307","season4",0,11,"nonholiday","Thu","workingday","weather1","lowtemp1",0.405921,"highhum2","lowwind1",318,3656,3974
"308","season4",0,11,"nonholiday","Fri","workingday","weather2","lowtemp1",0.403392,"highhum1","highwind2",470,3576,4046
"309","season4",0,11,"nonholiday","Sat","nonworkingday","weather1","lowtemp2",0.323854,"highhum1","highwind1",1156,2770,3926
"310","season4",0,11,"nonholiday","Sun","nonworkingday","weather1","lowtemp1",0.362358,"highhum2","lowwind2",952,2697,3649
"311","season4",0,11,"nonholiday","Mon","workingday","weather1","lowtemp1",0.400871,"highhum2","lowwind2",373,3662,4035
"312","season4",0,11,"nonholiday","Tue","workingday","weather1","lowtemp1",0.412246,"highhum2","lowwind2",376,3829,4205
"313","season4",0,11,"nonholiday","Wed","workingday","weather1","lowtemp1",0.409079,"highhum2","lowwind2",305,3804,4109
"314","season4",0,11,"nonholiday","Thu","workingday","weather2","lowtemp1",0.373721,"highhum2","highwind1",190,2743,2933
"315","season4",0,11,"holiday","Fri","nonworkingday","weather1","lowtemp2",0.306817,"lowhum1","highwind2",440,2928,3368
"316","season4",0,11,"nonholiday","Sat","nonworkingday","weather1","lowtemp1",0.357942,"highhum1","highwind1",1275,2792,4067
"317","season4",0,11,"nonholiday","Sun","nonworkingday","weather1","lowtemp1",0.43055,"lowhum1","highwind2",1004,2713,3717
"318","season4",0,11,"nonholiday","Mon","workingday","weather1","hightemp1",0.524612,"highhum1","highwind2",595,3891,4486
"319","season4",0,11,"nonholiday","Tue","workingday","weather2","hightemp1",0.507579,"highhum2","highwind1",449,3746,4195
"320","season4",0,11,"nonholiday","Wed","workingday","weather3","lowtemp1",0.451988,NA,"lowwind1",145,1672,1817
"321","season4",0,11,"nonholiday","Thu","workingday","weather2","lowtemp1",0.323221,"highhum1","highwind2",139,2914,3053
"322","season4",0,11,"nonholiday","Fri","workingday","weather1","lowtemp2",0.272721,"lowhum1","lowwind1",245,3147,3392
"323","season4",0,11,"nonholiday","Sat","nonworkingday","weather1","lowtemp2",0.324483,"highhum1","highwind1",943,2720,3663
"324","season4",0,11,"nonholiday","Sun","nonworkingday","weather2","lowtemp1",0.457058,"highhum2","highwind1",787,2733,3520
"325","season4",0,11,"nonholiday","Mon","workingday","weather3","lowtemp1",0.445062,NA,"lowwind1",220,2545,2765
"326","season4",0,11,"nonholiday","Tue","workingday","weather3","lowtemp1",0.421696,NA,"lowwind2",69,1538,1607
"327","season4",0,11,"nonholiday","Wed","workingday","weather2","lowtemp1",0.430537,"highhum2","highwind2",112,2454,2566
"328","season4",0,11,"holiday","Thu","nonworkingday","weather1","lowtemp1",0.372471,"highhum1","lowwind1",560,935,1495
"329","season4",0,11,"nonholiday","Fri","workingday","weather1","lowtemp1",0.380671,"highhum1","lowwind2",1095,1697,2792
"330","season4",0,11,"nonholiday","Sat","nonworkingday","weather1","lowtemp1",0.385087,"highhum2","lowwind2",1249,1819,3068
"331","season4",0,11,"nonholiday","Sun","nonworkingday","weather1","lowtemp1",0.4558,"highhum2","highwind1",810,2261,3071
"332","season4",0,11,"nonholiday","Mon","workingday","weather1","hightemp1",0.490122,"highhum2","lowwind1",253,3614,3867
"333","season4",0,11,"nonholiday","Tue","workingday","weather2","lowtemp1",0.451375,"highhum2","highwind2",96,2818,2914
"334","season4",0,11,"nonholiday","Wed","workingday","weather1","lowtemp2",0.311221,"highhum1","highwind2",188,3425,3613
"335","season4",0,12,"nonholiday","Thu","workingday","weather1","lowtemp2",0.305554,"highhum1","highwind1",182,3545,3727
"336","season4",0,12,"nonholiday","Fri","workingday","weather1","lowtemp2",0.331433,"highhum1","lowwind2",268,3672,3940
"337","season4",0,12,"nonholiday","Sat","nonworkingday","weather1","lowtemp2",0.310604,"highhum1","lowwind2",706,2908,3614
"338","season4",0,12,"nonholiday","Sun","nonworkingday","weather1","lowtemp2",0.3491,"highhum2","lowwind2",634,2851,3485
"339","season4",0,12,"nonholiday","Mon","workingday","weather2","lowtemp1",0.393925,"highhum2","lowwind2",233,3578,3811
"340","season4",0,12,"nonholiday","Tue","workingday","weather3","lowtemp1",0.4564,NA,"highwind1",126,2468,2594
"341","season4",0,12,"nonholiday","Wed","workingday","weather3","lowtemp1",0.400246,NA,"highwind2",50,655,705
"342","season4",0,12,"nonholiday","Thu","workingday","weather1","lowtemp2",0.256938,"highhum1","highwind2",150,3172,3322
"343","season4",0,12,"nonholiday","Fri","workingday","weather1","lowtemp2",0.317542,"highhum2","lowwind2",261,3359,3620
"344","season4",0,12,"nonholiday","Sat","nonworkingday","weather1","lowtemp2",0.266412,"highhum1","highwind2",502,2688,3190
"345","season4",0,12,"nonholiday","Sun","nonworkingday","weather1","lowtemp2",0.253154,"lowhum1","lowwind2",377,2366,2743
"346","season4",0,12,"nonholiday","Mon","workingday","weather1","lowtemp2",0.270196,"highhum2","lowwind2",143,3167,3310
"347","season4",0,12,"nonholiday","Tue","workingday","weather1","lowtemp2",0.301138,"highhum1","lowwind1",155,3368,3523
"348","season4",0,12,"nonholiday","Wed","workingday","weather2","lowtemp2",0.338362,"highhum2","lowwind2",178,3562,3740
"349","season4",0,12,"nonholiday","Thu","workingday","weather2","lowtemp1",0.412237,"highhum1","highwind2",181,3528,3709
"350","season4",0,12,"nonholiday","Fri","workingday","weather2","lowtemp1",0.359825,"highhum1","highwind2",178,3399,3577
"351","season4",0,12,"nonholiday","Sat","nonworkingday","weather2","lowtemp2",0.249371,"highhum1","highwind2",275,2464,2739
"352","season4",0,12,"nonholiday","Sun","nonworkingday","weather1","lowtemp2",0.245579,"highhum1","lowwind1",220,2211,2431
"353","season4",0,12,"nonholiday","Mon","workingday","weather1","lowtemp2",0.280933,"highhum1","lowwind1",260,3143,3403
"354","season4",0,12,"nonholiday","Tue","workingday","weather2","lowtemp1",0.396454,"highhum1","lowwind2",216,3534,3750
"355","season1",0,12,"nonholiday","Wed","workingday","weather2","lowtemp1",0.428017,"highhum2","highwind1",107,2553,2660
"356","season1",0,12,"nonholiday","Thu","workingday","weather2","lowtemp1",0.426121,"highhum2","lowwind2",227,2841,3068
"357","season1",0,12,"nonholiday","Fri","workingday","weather1","lowtemp1",0.377513,"highhum2","highwind2",163,2046,2209
"358","season1",0,12,"nonholiday","Sat","nonworkingday","weather1","lowtemp2",0.299242,"highhum1","highwind1",155,856,1011
"359","season1",0,12,"nonholiday","Sun","nonworkingday","weather1","lowtemp2",0.279961,"highhum2","lowwind1",303,451,754
"360","season1",0,12,"holiday","Mon","nonworkingday","weather1","lowtemp2",0.315535,"highhum1","highwind2",430,887,1317
"361","season1",0,12,"nonholiday","Tue","workingday","weather2","lowtemp2",0.327633,"highhum2","highwind1",103,1059,1162
"362","season1",0,12,"nonholiday","Wed","workingday","weather1","lowtemp2",0.279974,"highhum1","highwind2",255,2047,2302
"363","season1",0,12,"nonholiday","Thu","workingday","weather1","lowtemp2",0.263892,"highhum1","lowwind2",254,2169,2423
"364","season1",0,12,"nonholiday","Fri","workingday","weather1","lowtemp2",0.318812,"highhum1","lowwind2",491,2508,2999
"365","season1",0,12,"nonholiday","Sat","nonworkingday","weather1","lowtemp1",0.414121,"highhum1","highwind1",665,1820,2485
"366","season1",1,1,"nonholiday","Sun","nonworkingday","weather1","lowtemp1",0.375621,"highhum2","highwind1",686,1608,2294
"367","season1",1,1,"holiday","Mon","nonworkingday","weather1","lowtemp2",0.252304,"lowhum1","highwind2",244,1707,1951
"368","season1",1,1,"nonholiday","Tue","workingday","weather1","lowtemp2",0.126275,"lowhum1","highwind2",89,2147,2236
"369","season1",1,1,"nonholiday","Wed","workingday","weather2","lowtemp2",0.119337,"lowhum1","highwind1",95,2273,2368
"370","season1",1,1,"nonholiday","Thu","workingday","weather1","lowtemp2",0.278412,"highhum1","lowwind2",140,3132,3272
"371","season1",1,1,"nonholiday","Fri","workingday","weather1","lowtemp2",0.340267,"highhum1","lowwind1",307,3791,4098
"372","season1",1,1,"nonholiday","Sat","nonworkingday","weather1","lowtemp1",0.390779,"highhum1","lowwind1",1070,3451,4521
"373","season1",1,1,"nonholiday","Sun","nonworkingday","weather1","lowtemp1",0.340258,"lowhum1","highwind1",599,2826,3425
"374","season1",1,1,"nonholiday","Mon","workingday","weather2","lowtemp2",0.247479,"highhum2","lowwind2",106,2270,2376
"375","season1",1,1,"nonholiday","Tue","workingday","weather1","lowtemp2",0.318826,"highhum1","highwind1",173,3425,3598
"376","season1",1,1,"nonholiday","Wed","workingday","weather2","lowtemp2",0.282821,"highhum2","lowwind2",92,2085,2177
"377","season1",1,1,"nonholiday","Thu","workingday","weather2","lowtemp1",0.381938,"highhum2","lowwind1",269,3828,4097
"378","season1",1,1,"nonholiday","Fri","workingday","weather1","lowtemp2",0.249362,"highhum1","highwind2",174,3040,3214
"379","season1",1,1,"nonholiday","Sat","nonworkingday","weather1","lowtemp2",0.183087,"lowhum1","highwind1",333,2160,2493
"380","season1",1,1,"nonholiday","Sun","nonworkingday","weather1","lowtemp2",0.161625,"lowhum1","highwind2",284,2027,2311
"381","season1",1,1,"holiday","Mon","nonworkingday","weather1","lowtemp2",0.190663,"highhum1","highwind1",217,2081,2298
"382","season1",1,1,"nonholiday","Tue","workingday","weather2","lowtemp1",0.364278,"highhum2","highwind2",127,2808,2935
"383","season1",1,1,"nonholiday","Wed","workingday","weather1","lowtemp2",0.275254,"lowhum1","highwind2",109,3267,3376
"384","season1",1,1,"nonholiday","Thu","workingday","weather1","lowtemp2",0.190038,"lowhum1","highwind1",130,3162,3292
"385","season1",1,1,"nonholiday","Fri","workingday","weather2","lowtemp2",0.220958,"lowhum1","highwind1",115,3048,3163
"386","season1",1,1,"nonholiday","Sat","nonworkingday","weather2","lowtemp2",0.174875,"highhum2","highwind1",67,1234,1301
"387","season1",1,1,"nonholiday","Sun","nonworkingday","weather2","lowtemp2",0.16225,"highhum2","highwind1",196,1781,1977
"388","season1",1,1,"nonholiday","Mon","workingday","weather2","lowtemp2",0.243058,NA,"lowwind2",145,2287,2432
"389","season1",1,1,"nonholiday","Tue","workingday","weather1","lowtemp1",0.349108,"highhum2","lowwind2",439,3900,4339
"390","season1",1,1,"nonholiday","Wed","workingday","weather1","lowtemp2",0.294821,"highhum1","lowwind1",467,3803,4270
"391","season1",1,1,"nonholiday","Thu","workingday","weather2","lowtemp1",0.35605,"highhum2","lowwind2",244,3831,4075
"392","season1",1,1,"nonholiday","Fri","workingday","weather2","lowtemp1",0.415383,"highhum2","highwind2",269,3187,3456
"393","season1",1,1,"nonholiday","Sat","nonworkingday","weather1","lowtemp2",0.326379,"highhum1","highwind1",775,3248,4023
"394","season1",1,1,"nonholiday","Sun","nonworkingday","weather1","lowtemp2",0.272721,"lowhum2","highwind2",558,2685,3243
"395","season1",1,1,"nonholiday","Mon","workingday","weather1","lowtemp2",0.262625,"lowhum1","highwind1",126,3498,3624
"396","season1",1,1,"nonholiday","Tue","workingday","weather1","lowtemp1",0.381317,"lowhum1","highwind2",324,4185,4509
"397","season1",1,2,"nonholiday","Wed","workingday","weather1","lowtemp1",0.466538,"highhum1","highwind1",304,4275,4579
"398","season1",1,2,"nonholiday","Thu","workingday","weather2","lowtemp1",0.398971,"highhum2","highwind1",190,3571,3761
"399","season1",1,2,"nonholiday","Fri","workingday","weather1","lowtemp2",0.309346,"highhum1","lowwind1",310,3841,4151
"400","season1",1,2,"nonholiday","Sat","nonworkingday","weather2","lowtemp2",0.272725,"highhum2","lowwind2",384,2448,2832
"401","season1",1,2,"nonholiday","Sun","nonworkingday","weather2","lowtemp2",0.264521,"highhum2","lowwind1",318,2629,2947
"402","season1",1,2,"nonholiday","Mon","workingday","weather1","lowtemp2",0.296426,"highhum1","lowwind1",206,3578,3784
"403","season1",1,2,"nonholiday","Tue","workingday","weather1","lowtemp1",0.361104,"lowhum1","lowwind1",199,4176,4375
"404","season1",1,2,"nonholiday","Wed","workingday","weather2","lowtemp2",0.266421,"highhum2","lowwind2",109,2693,2802
"405","season1",1,2,"nonholiday","Thu","workingday","weather1","lowtemp2",0.261988,"highhum1","highwind1",163,3667,3830
"406","season1",1,2,"nonholiday","Fri","workingday","weather2","lowtemp2",0.293558,"highhum1","lowwind2",227,3604,3831
"407","season1",1,2,"nonholiday","Sat","nonworkingday","weather3","lowtemp2",0.210867,"highhum2","highwind2",192,1977,2169
"408","season1",1,2,"nonholiday","Sun","nonworkingday","weather1","lowtemp2",0.101658,"lowhum1","highwind2",73,1456,1529
"409","season1",1,2,"nonholiday","Mon","workingday","weather1","lowtemp2",0.227913,"lowhum1","lowwind1",94,3328,3422
"410","season1",1,2,"nonholiday","Tue","workingday","weather2","lowtemp2",0.333946,"highhum1","lowwind1",135,3787,3922
"411","season1",1,2,"nonholiday","Wed","workingday","weather1","lowtemp1",0.351629,"highhum1","highwind1",141,4028,4169
"412","season1",1,2,"nonholiday","Thu","workingday","weather2","lowtemp2",0.330162,"highhum2","lowwind2",74,2931,3005
"413","season1",1,2,"nonholiday","Fri","workingday","weather1","lowtemp1",0.351629,"highhum1","highwind1",349,3805,4154
"414","season1",1,2,"nonholiday","Sat","nonworkingday","weather1","lowtemp1",0.355425,"highhum1","highwind1",1435,2883,4318
"415","season1",1,2,"nonholiday","Sun","nonworkingday","weather2","lowtemp2",0.265788,"highhum1","highwind2",618,2071,2689
"416","season1",1,2,"holiday","Mon","nonworkingday","weather1","lowtemp2",0.273391,"highhum1","highwind1",502,2627,3129
"417","season1",1,2,"nonholiday","Tue","workingday","weather1","lowtemp2",0.295113,"highhum1","highwind1",163,3614,3777
"418","season1",1,2,"nonholiday","Wed","workingday","weather1","lowtemp1",0.392667,"highhum1","highwind2",394,4379,4773
"419","season1",1,2,"nonholiday","Thu","workingday","weather1","lowtemp1",0.444446,"highhum1","highwind1",516,4546,5062
"420","season1",1,2,"nonholiday","Fri","workingday","weather2","lowtemp1",0.410971,"highhum2","highwind2",246,3241,3487
"421","season1",1,2,"nonholiday","Sat","nonworkingday","weather1","lowtemp2",0.255675,"lowhum1","highwind2",317,2415,2732
"422","season1",1,2,"nonholiday","Sun","nonworkingday","weather1","lowtemp2",0.268308,"lowhum1","highwind1",515,2874,3389
"423","season1",1,2,"nonholiday","Mon","workingday","weather1","lowtemp1",0.357954,"lowhum1","highwind2",253,4069,4322
"424","season1",1,2,"nonholiday","Tue","workingday","weather1","lowtemp1",0.353525,"lowhum1","highwind1",229,4134,4363
"425","season1",1,2,"nonholiday","Wed","workingday","weather2","lowtemp1",0.34847,"highhum2","lowwind1",65,1769,1834
"426","season1",1,3,"nonholiday","Thu","workingday","weather1","lowtemp1",0.475371,"highhum1","highwind1",325,4665,4990
"427","season1",1,3,"nonholiday","Fri","workingday","weather2","lowtemp1",0.359842,"highhum2","lowwind1",246,2948,3194
"428","season1",1,3,"nonholiday","Sat","nonworkingday","weather2","lowtemp1",0.413492,"highhum1","lowwind1",956,3110,4066
"429","season1",1,3,"nonholiday","Sun","nonworkingday","weather1","lowtemp2",0.303021,"lowhum1","highwind2",710,2713,3423
"430","season1",1,3,"nonholiday","Mon","workingday","weather1","lowtemp2",0.241171,"highhum1","highwind1",203,3130,3333
"431","season1",1,3,"nonholiday","Tue","workingday","weather1","lowtemp2",0.255042,"lowhum1","highwind1",221,3735,3956
"432","season1",1,3,"nonholiday","Wed","workingday","weather1","lowtemp1",0.3851,"highhum1","highwind2",432,4484,4916
"433","season1",1,3,"nonholiday","Thu","workingday","weather1","hightemp1",0.524604,"highhum1","highwind2",486,4896,5382
"434","season1",1,3,"nonholiday","Fri","workingday","weather2","lowtemp1",0.397083,"lowhum1","highwind2",447,4122,4569
"435","season1",1,3,"nonholiday","Sat","nonworkingday","weather1","lowtemp2",0.277767,"lowhum1","highwind1",968,3150,4118
"436","season1",1,3,"nonholiday","Sun","nonworkingday","weather1","lowtemp1",0.35967,"lowhum1","highwind1",1658,3253,4911
"437","season1",1,3,"nonholiday","Mon","workingday","weather1","lowtemp1",0.459592,"lowhum1","highwind1",838,4460,5298
"438","season1",1,3,"nonholiday","Tue","workingday","weather1","hightemp1",0.542929,"highhum1","highwind2",762,5085,5847
"439","season1",1,3,"nonholiday","Wed","workingday","weather1","hightemp1",0.548617,"highhum1","lowwind2",997,5315,6312
"440","season1",1,3,"nonholiday","Thu","workingday","weather1","hightemp1",0.532825,"highhum1","lowwind1",1005,5187,6192
"441","season1",1,3,"nonholiday","Fri","workingday","weather2","lowtemp1",0.436229,"highhum2","lowwind2",548,3830,4378
"442","season1",1,3,"nonholiday","Sat","nonworkingday","weather2","hightemp1",0.505046,"highhum2","lowwind2",3155,4681,7836
"443","season1",1,3,"nonholiday","Sun","nonworkingday","weather2","lowtemp1",0.464,"highhum2","lowwind2",2207,3685,5892
"444","season1",1,3,"nonholiday","Mon","workingday","weather1","hightemp1",0.532821,"highhum2","lowwind1",982,5171,6153
"445","season1",1,3,"nonholiday","Tue","workingday","weather1","hightemp1",0.538533,"highhum2","lowwind2",1051,5042,6093
"446","season2",1,3,"nonholiday","Wed","workingday","weather2","hightemp1",0.513258,"highhum2","lowwind2",1122,5108,6230
"447","season2",1,3,"nonholiday","Thu","workingday","weather1","hightemp1",0.531567,"highhum2","lowwind2",1334,5537,6871
"448","season2",1,3,"nonholiday","Fri","workingday","weather2","hightemp1",0.570067,"highhum2","lowwind2",2469,5893,8362
"449","season2",1,3,"nonholiday","Sat","nonworkingday","weather2","hightemp1",0.486733,NA,"highwind1",1033,2339,3372
"450","season2",1,3,"nonholiday","Sun","nonworkingday","weather2","lowtemp1",0.437488,NA,"highwind1",1532,3464,4996
"451","season2",1,3,"nonholiday","Mon","workingday","weather1","lowtemp1",0.43875,"lowhum1","highwind2",795,4763,5558
"452","season2",1,3,"nonholiday","Tue","workingday","weather1","lowtemp2",0.315654,"lowhum2","highwind1",531,4571,5102
"453","season2",1,3,"nonholiday","Wed","workingday","weather1","lowtemp1",0.47095,"lowhum1","highwind2",674,5024,5698
"454","season2",1,3,"nonholiday","Thu","workingday","weather1","lowtemp1",0.482304,"lowhum1","highwind2",834,5299,6133
"455","season2",1,3,"nonholiday","Fri","workingday","weather2","lowtemp1",0.375621,"highhum1","lowwind1",796,4663,5459
"456","season2",1,3,"nonholiday","Sat","nonworkingday","weather2","lowtemp1",0.421708,"highhum2","highwind2",2301,3934,6235
"457","season2",1,4,"nonholiday","Sun","nonworkingday","weather2","lowtemp1",0.417287,"highhum2","lowwind1",2347,3694,6041
"458","season2",1,4,"nonholiday","Mon","workingday","weather1","lowtemp1",0.427513,"highhum1","highwind2",1208,4728,5936
"459","season2",1,4,"nonholiday","Tue","workingday","weather1","lowtemp1",0.461483,"lowhum1","lowwind2",1348,5424,6772
"460","season2",1,4,"nonholiday","Wed","workingday","weather1","hightemp1",0.53345,"lowhum1","highwind1",1058,5378,6436
"461","season2",1,4,"nonholiday","Thu","workingday","weather1","lowtemp1",0.431163,"lowhum1","highwind1",1192,5265,6457
"462","season2",1,4,"nonholiday","Fri","workingday","weather1","lowtemp1",0.390767,"lowhum1","highwind2",1807,4653,6460
"463","season2",1,4,"nonholiday","Sat","nonworkingday","weather1","lowtemp1",0.426129,"lowhum2","highwind2",3252,3605,6857
"464","season2",1,4,"nonholiday","Sun","nonworkingday","weather1","hightemp1",0.492425,"lowhum2","highwind1",2230,2939,5169
"465","season2",1,4,"nonholiday","Mon","workingday","weather1","lowtemp1",0.476638,"lowhum2","highwind2",905,4680,5585
"466","season2",1,4,"nonholiday","Tue","workingday","weather1","lowtemp1",0.436233,"lowhum1","highwind2",819,5099,5918
"467","season2",1,4,"nonholiday","Wed","workingday","weather1","lowtemp1",0.337274,"lowhum1","highwind2",482,4380,4862
"468","season2",1,4,"nonholiday","Thu","workingday","weather1","lowtemp1",0.387604,"lowhum1","highwind2",663,4746,5409
"469","season2",1,4,"nonholiday","Fri","workingday","weather1","lowtemp1",0.431808,"lowhum1","lowwind1",1252,5146,6398
"470","season2",1,4,"nonholiday","Sat","nonworkingday","weather1","lowtemp1",0.487996,"highhum1","highwind1",2795,4665,7460
"471","season2",1,4,"nonholiday","Sun","nonworkingday","weather1","hightemp1",0.573875,"highhum1","highwind1",2846,4286,7132
"472","season2",1,4,"holiday","Mon","nonworkingday","weather1","hightemp2",0.614925,"highhum1","highwind2",1198,5172,6370
"473","season2",1,4,"nonholiday","Tue","workingday","weather1","hightemp1",0.598487,"lowhum1","highwind2",989,5702,6691
"474","season2",1,4,"nonholiday","Wed","workingday","weather2","lowtemp1",0.457038,"highhum1","lowwind1",347,4020,4367
"475","season2",1,4,"nonholiday","Thu","workingday","weather1","hightemp1",0.493046,"highhum1","lowwind2",846,5719,6565
"476","season2",1,4,"nonholiday","Fri","workingday","weather1","hightemp1",0.515775,"highhum2","lowwind1",1340,5950,7290
"477","season2",1,4,"nonholiday","Sat","nonworkingday","weather1","hightemp1",0.542921,"highhum2","highwind2",2541,4083,6624
"478","season2",1,4,"nonholiday","Sun","nonworkingday","weather3","lowtemp1",0.389504,"highhum2","highwind2",120,907,1027
"479","season2",1,4,"nonholiday","Mon","workingday","weather2","lowtemp2",0.301125,"highhum2","highwind2",195,3019,3214
"480","season2",1,4,"nonholiday","Tue","workingday","weather1","lowtemp1",0.405283,"lowhum1","highwind2",518,5115,5633
"481","season2",1,4,"nonholiday","Wed","workingday","weather1","lowtemp1",0.470317,"lowhum1","lowwind2",655,5541,6196
"482","season2",1,4,"nonholiday","Thu","workingday","weather2","hightemp1",0.483583,"highhum2","lowwind1",475,4551,5026
"483","season2",1,4,"nonholiday","Fri","workingday","weather1","lowtemp1",0.452637,"lowhum1","highwind2",1014,5219,6233
"484","season2",1,4,"nonholiday","Sat","nonworkingday","weather2","lowtemp1",0.377504,"lowhum1","lowwind2",1120,3100,4220
"485","season2",1,4,"nonholiday","Sun","nonworkingday","weather1","lowtemp1",0.450121,"highhum1","lowwind2",2229,4075,6304
"486","season2",1,4,"nonholiday","Mon","workingday","weather2","lowtemp1",0.457696,"highhum1","lowwind1",665,4907,5572
"487","season2",1,5,"nonholiday","Tue","workingday","weather2","hightemp1",0.577021,"highhum2","lowwind1",653,5087,5740
"488","season2",1,5,"nonholiday","Wed","workingday","weather1","hightemp1",0.537896,"highhum2","lowwind1",667,5502,6169
"489","season2",1,5,"nonholiday","Thu","workingday","weather2","hightemp1",0.537242,"highhum2","lowwind2",764,5657,6421
"490","season2",1,5,"nonholiday","Fri","workingday","weather1","hightemp1",0.590917,"highhum2","lowwind1",1069,5227,6296
"491","season2",1,5,"nonholiday","Sat","nonworkingday","weather2","hightemp1",0.584608,"highhum2","lowwind1",2496,4387,6883
"492","season2",1,5,"nonholiday","Sun","nonworkingday","weather2","hightemp1",0.546737,"highhum2","lowwind1",2135,4224,6359
"493","season2",1,5,"nonholiday","Mon","workingday","weather2","hightemp1",0.527142,"highhum2","highwind1",1008,5265,6273
"494","season2",1,5,"nonholiday","Tue","workingday","weather2","hightemp1",0.557471,"highhum2","highwind2",738,4990,5728
"495","season2",1,5,"nonholiday","Wed","workingday","weather2","hightemp1",0.553025,"highhum2","highwind1",620,4097,4717
"496","season2",1,5,"nonholiday","Thu","workingday","weather1","hightemp1",0.491783,"highhum1","highwind2",1026,5546,6572
"497","season2",1,5,"nonholiday","Fri","workingday","weather1","hightemp1",0.520833,"lowhum1","highwind2",1319,5711,7030
"498","season2",1,5,"nonholiday","Sat","nonworkingday","weather1","hightemp1",0.544817,"lowhum1","lowwind2",2622,4807,7429
"499","season2",1,5,"nonholiday","Sun","nonworkingday","weather1","hightemp1",0.585238,"highhum1","highwind1",2172,3946,6118
"500","season2",1,5,"nonholiday","Mon","workingday","weather2","hightemp1",0.5499,"highhum2","highwind1",342,2501,2843
"501","season2",1,5,"nonholiday","Tue","workingday","weather2","hightemp1",0.576404,"highhum2","lowwind1",625,4490,5115
"502","season2",1,5,"nonholiday","Wed","workingday","weather1","hightemp1",0.595975,"highhum2","lowwind2",991,6433,7424
"503","season2",1,5,"nonholiday","Thu","workingday","weather1","hightemp1",0.572613,"highhum1","highwind1",1242,6142,7384
"504","season2",1,5,"nonholiday","Fri","workingday","weather1","hightemp1",0.551121,"highhum1","lowwind1",1521,6118,7639
"505","season2",1,5,"nonholiday","Sat","nonworkingday","weather1","hightemp1",0.566908,"lowhum1","lowwind2",3410,4884,8294
"506","season2",1,5,"nonholiday","Sun","nonworkingday","weather1","hightemp1",0.583967,"highhum1","highwind2",2704,4425,7129
"507","season2",1,5,"nonholiday","Mon","workingday","weather2","hightemp1",0.565667,"highhum2","highwind1",630,3729,4359
"508","season2",1,5,"nonholiday","Tue","workingday","weather2","hightemp1",0.580825,"highhum2","lowwind2",819,5254,6073
"509","season2",1,5,"nonholiday","Wed","workingday","weather2","hightemp1",0.584612,"highhum2","lowwind2",766,4494,5260
"510","season2",1,5,"nonholiday","Thu","workingday","weather1","hightemp1",0.6067,"highhum2","lowwind1",1059,5711,6770
"511","season2",1,5,"nonholiday","Fri","workingday","weather1","hightemp2",0.627529,"highhum2","lowwind1",1417,5317,6734
"512","season2",1,5,"nonholiday","Sat","nonworkingday","weather1","hightemp2",0.642696,"highhum2","highwind1",2855,3681,6536
"513","season2",1,5,"nonholiday","Sun","nonworkingday","weather1","hightemp2",0.641425,"highhum2","highwind1",3283,3308,6591
"514","season2",1,5,"holiday","Mon","nonworkingday","weather1","hightemp2",0.6793,"highhum2","highwind1",2557,3486,6043
"515","season2",1,5,"nonholiday","Tue","workingday","weather1","hightemp2",0.672992,"highhum2","highwind2",880,4863,5743
"516","season2",1,5,"nonholiday","Wed","workingday","weather2","hightemp2",0.611129,"highhum2","lowwind2",745,6110,6855
"517","season2",1,5,"nonholiday","Thu","workingday","weather1","hightemp2",0.631329,"lowhum1","highwind1",1100,6238,7338
"518","season2",1,6,"nonholiday","Fri","workingday","weather2","hightemp1",0.607962,"highhum2","highwind2",533,3594,4127
"519","season2",1,6,"nonholiday","Sat","nonworkingday","weather1","hightemp1",0.566288,"highhum1","highwind1",2795,5325,8120
"520","season2",1,6,"nonholiday","Sun","nonworkingday","weather1","hightemp1",0.575133,"lowhum1","highwind1",2494,5147,7641
"521","season2",1,6,"nonholiday","Mon","workingday","weather1","hightemp1",0.578283,"lowhum1","highwind2",1071,5927,6998
"522","season2",1,6,"nonholiday","Tue","workingday","weather2","hightemp1",0.525892,"highhum1","highwind1",968,6033,7001
"523","season2",1,6,"nonholiday","Wed","workingday","weather1","hightemp1",0.542292,"highhum1","lowwind2",1027,6028,7055
"524","season2",1,6,"nonholiday","Thu","workingday","weather1","hightemp1",0.569442,"highhum1","lowwind1",1038,6456,7494
"525","season2",1,6,"nonholiday","Fri","workingday","weather1","hightemp1",0.597862,"lowhum1","lowwind1",1488,6248,7736
"526","season2",1,6,"nonholiday","Sat","nonworkingday","weather1","hightemp2",0.648367,"lowhum1","lowwind1",2708,4790,7498
"527","season2",1,6,"nonholiday","Sun","nonworkingday","weather1","hightemp2",0.663517,"highhum1","lowwind2",2224,4374,6598
"528","season2",1,6,"nonholiday","Mon","workingday","weather2","hightemp2",0.659721,"highhum1","highwind1",1017,5647,6664
"529","season2",1,6,"nonholiday","Tue","workingday","weather2","hightemp1",0.597875,"highhum2","highwind1",477,4495,4972
"530","season2",1,6,"nonholiday","Wed","workingday","weather1","hightemp2",0.611117,"highhum1","highwind2",1173,6248,7421
"531","season2",1,6,"nonholiday","Thu","workingday","weather1","hightemp1",0.624383,"highhum1","highwind2",1180,6183,7363
"532","season2",1,6,"nonholiday","Fri","workingday","weather1","hightemp1",0.599754,"highhum1","lowwind1",1563,6102,7665
"533","season2",1,6,"nonholiday","Sat","nonworkingday","weather1","hightemp1",0.594708,"highhum1","lowwind1",2963,4739,7702
"534","season2",1,6,"nonholiday","Sun","nonworkingday","weather1","hightemp1",0.571975,"highhum1","lowwind1",2634,4344,6978
"535","season2",1,6,"nonholiday","Mon","workingday","weather2","hightemp1",0.544842,"highhum2","lowwind1",653,4446,5099
"536","season2",1,6,"nonholiday","Tue","workingday","weather1","hightemp2",0.654692,"highhum2","lowwind1",968,5857,6825
"537","season2",1,6,"nonholiday","Wed","workingday","weather1","hightemp2",0.720975,"highhum1","lowwind2",872,5339,6211
"538","season3",1,6,"nonholiday","Thu","workingday","weather1","hightemp2",0.752542,"highhum1","lowwind2",778,5127,5905
"539","season3",1,6,"nonholiday","Fri","workingday","weather1","hightemp2",0.724121,"highhum1","highwind1",964,4859,5823
"540","season3",1,6,"nonholiday","Sat","nonworkingday","weather1","hightemp2",0.652792,"highhum1","lowwind1",2657,4801,7458
"541","season3",1,6,"nonholiday","Sun","nonworkingday","weather1","hightemp2",0.674254,"lowhum1","lowwind1",2551,4340,6891
"542","season3",1,6,"nonholiday","Mon","workingday","weather1","hightemp2",0.654042,"highhum1","highwind2",1139,5640,6779
"543","season3",1,6,"nonholiday","Tue","workingday","weather1","hightemp1",0.594704,"lowhum1","highwind2",1077,6365,7442
"544","season3",1,6,"nonholiday","Wed","workingday","weather1","hightemp2",0.640792,"lowhum1","highwind2",1077,6258,7335
"545","season3",1,6,"nonholiday","Thu","workingday","weather1","hightemp2",0.675512,"lowhum1","lowwind1",921,5958,6879
"546","season3",1,6,"nonholiday","Fri","workingday","weather1","hightemp2",0.786613,"lowhum1","lowwind1",829,4634,5463
"547","season3",1,6,"nonholiday","Sat","nonworkingday","weather1","hightemp2",0.687508,"highhum1","lowwind1",1455,4232,5687
"548","season3",1,7,"nonholiday","Sun","nonworkingday","weather1","hightemp2",0.750629,"highhum1","lowwind1",1421,4110,5531
"549","season3",1,7,"nonholiday","Mon","workingday","weather1","hightemp2",0.702038,"lowhum1","highwind1",904,5323,6227
"550","season3",1,7,"nonholiday","Tue","workingday","weather1","hightemp2",0.70265,"lowhum1","lowwind2",1052,5608,6660
"551","season3",1,7,"holiday","Wed","nonworkingday","weather1","hightemp2",0.732337,"highhum1","lowwind1",2562,4841,7403
"552","season3",1,7,"nonholiday","Thu","workingday","weather1","hightemp2",0.761367,"lowhum1","highwind1",1405,4836,6241
"553","season3",1,7,"nonholiday","Fri","workingday","weather1","hightemp2",0.752533,"lowhum1","lowwind1",1366,4841,6207
"554","season3",1,7,"nonholiday","Sat","nonworkingday","weather1",NA,0.804913,"lowhum1","lowwind1",1448,3392,4840
"555","season3",1,7,"nonholiday","Sun","nonworkingday","weather1","hightemp2",0.790396,"highhum1","lowwind2",1203,3469,4672
"556","season3",1,7,"nonholiday","Mon","workingday","weather2","hightemp2",0.654054,"highhum2","highwind1",998,5571,6569
"557","season3",1,7,"nonholiday","Tue","workingday","weather2","hightemp2",0.664796,"highhum2","lowwind1",954,5336,6290
"558","season3",1,7,"nonholiday","Wed","workingday","weather1","hightemp2",0.650271,"highhum1","lowwind1",975,6289,7264
"559","season3",1,7,"nonholiday","Thu","workingday","weather1","hightemp2",0.654683,"highhum1","lowwind1",1032,6414,7446
"560","season3",1,7,"nonholiday","Fri","workingday","weather2","hightemp2",0.667933,"lowhum1","lowwind2",1511,5988,7499
"561","season3",1,7,"nonholiday","Sat","nonworkingday","weather2","hightemp2",0.666042,"highhum2","lowwind1",2355,4614,6969
"562","season3",1,7,"nonholiday","Sun","nonworkingday","weather1","hightemp2",0.705196,"highhum2","lowwind1",1920,4111,6031
"563","season3",1,7,"nonholiday","Mon","workingday","weather1","hightemp2",0.724125,"highhum1","lowwind1",1088,5742,6830
"564","season3",1,7,"nonholiday","Tue","workingday","weather1","hightemp2",0.755683,"highhum1","lowwind2",921,5865,6786
"565","season3",1,7,"nonholiday","Wed","workingday","weather1","hightemp2",0.745583,"highhum1","lowwind1",799,4914,5713
"566","season3",1,7,"nonholiday","Thu","workingday","weather1","hightemp2",0.714642,"highhum1","lowwind1",888,5703,6591
"567","season3",1,7,"nonholiday","Fri","workingday","weather2","hightemp2",0.613025,"highhum2","highwind1",747,5123,5870
"568","season3",1,7,"nonholiday","Sat","nonworkingday","weather3","hightemp1",0.549912,NA,"highwind1",1264,3195,4459
"569","season3",1,7,"nonholiday","Sun","nonworkingday","weather2","hightemp2",0.623125,"highhum2","lowwind2",2544,4866,7410
"570","season3",1,7,"nonholiday","Mon","workingday","weather1","hightemp2",0.690017,"highhum2","lowwind1",1135,5831,6966
"571","season3",1,7,"nonholiday","Tue","workingday","weather1","hightemp2",0.70645,"highhum1","highwind1",1140,6452,7592
"572","season3",1,7,"nonholiday","Wed","workingday","weather1","hightemp2",0.654054,"lowhum1","lowwind1",1383,6790,8173
"573","season3",1,7,"nonholiday","Thu","workingday","weather1","hightemp2",0.739263,"highhum1","highwind2",1036,5825,6861
"574","season3",1,7,"nonholiday","Fri","workingday","weather1","hightemp2",0.734217,"highhum1","lowwind1",1259,5645,6904
"575","season3",1,7,"nonholiday","Sat","nonworkingday","weather1","hightemp2",0.697604,"highhum1","lowwind1",2234,4451,6685
"576","season3",1,7,"nonholiday","Sun","nonworkingday","weather1","hightemp2",0.667933,"highhum1","lowwind1",2153,4444,6597
"577","season3",1,7,"nonholiday","Mon","workingday","weather1","hightemp2",0.684987,"highhum2","lowwind1",1040,6065,7105
"578","season3",1,7,"nonholiday","Tue","workingday","weather1","hightemp2",0.662896,"highhum2","lowwind1",968,6248,7216
"579","season3",1,8,"nonholiday","Wed","workingday","weather1","hightemp2",0.667308,"highhum2","lowwind1",1074,6506,7580
"580","season3",1,8,"nonholiday","Thu","workingday","weather1","hightemp2",0.707088,"highhum2","lowwind2",983,6278,7261
"581","season3",1,8,"nonholiday","Fri","workingday","weather2","hightemp2",0.722867,"highhum1","highwind1",1328,5847,7175
"582","season3",1,8,"nonholiday","Sat","nonworkingday","weather1","hightemp2",0.751267,"highhum1","highwind2",2345,4479,6824
"583","season3",1,8,"nonholiday","Sun","nonworkingday","weather1","hightemp2",0.731079,"highhum1","highwind2",1707,3757,5464
"584","season3",1,8,"nonholiday","Mon","workingday","weather2","hightemp2",0.710246,"highhum1","lowwind2",1233,5780,7013
"585","season3",1,8,"nonholiday","Tue","workingday","weather2","hightemp2",0.697621,"highhum2","lowwind2",1278,5995,7273
"586","season3",1,8,"nonholiday","Wed","workingday","weather2","hightemp2",0.707717,"highhum2","lowwind2",1263,6271,7534
"587","season3",1,8,"nonholiday","Thu","workingday","weather1","hightemp2",0.699508,"highhum1","lowwind1",1196,6090,7286
"588","season3",1,8,"nonholiday","Fri","workingday","weather2","hightemp2",0.667942,"highhum2","highwind2",1065,4721,5786
"589","season3",1,8,"nonholiday","Sat","nonworkingday","weather2","hightemp2",0.638267,"highhum2","highwind1",2247,4052,6299
"590","season3",1,8,"nonholiday","Sun","nonworkingday","weather1","hightemp2",0.644579,"highhum1","lowwind2",2182,4362,6544
"591","season3",1,8,"nonholiday","Mon","workingday","weather1","hightemp2",0.662254,"highhum1","lowwind1",1207,5676,6883
"592","season3",1,8,"nonholiday","Tue","workingday","weather1","hightemp2",0.676779,"highhum2","lowwind1",1128,5656,6784
"593","season3",1,8,"nonholiday","Wed","workingday","weather1","hightemp2",0.654037,"highhum1","lowwind1",1198,6149,7347
"594","season3",1,8,"nonholiday","Thu","workingday","weather1","hightemp2",0.654688,"highhum1","lowwind1",1338,6267,7605
"595","season3",1,8,"nonholiday","Fri","workingday","weather1","hightemp2",0.2424,"highhum1","highwind1",1483,5665,7148
"596","season3",1,8,"nonholiday","Sat","nonworkingday","weather1","hightemp2",0.618071,"highhum1","lowwind1",2827,5038,7865
"597","season3",1,8,"nonholiday","Sun","nonworkingday","weather2","hightemp1",0.603554,"highhum2","lowwind2",1208,3341,4549
"598","season3",1,8,"nonholiday","Mon","workingday","weather2","hightemp1",0.595967,"highhum2","lowwind2",1026,5504,6530
"599","season3",1,8,"nonholiday","Tue","workingday","weather1","hightemp1",0.601025,"highhum2","lowwind2",1081,5925,7006
"600","season3",1,8,"nonholiday","Wed","workingday","weather1","hightemp2",0.621854,"highhum2","lowwind2",1094,6281,7375
"601","season3",1,8,"nonholiday","Thu","workingday","weather1","hightemp2",0.637008,"highhum1","lowwind2",1363,6402,7765
"602","season3",1,8,"nonholiday","Fri","workingday","weather2","hightemp2",0.6471,"highhum1","lowwind2",1325,6257,7582
"603","season3",1,8,"nonholiday","Sat","nonworkingday","weather2","hightemp2",0.618696,"highhum2","highwind2",1829,4224,6053
"604","season3",1,8,"nonholiday","Sun","nonworkingday","weather2","hightemp1",0.595996,"highhum2","highwind1",1483,3772,5255
"605","season3",1,8,"nonholiday","Mon","workingday","weather1","hightemp2",0.654688,"highhum2","lowwind2",989,5928,6917
"606","season3",1,8,"nonholiday","Tue","workingday","weather1","hightemp2",0.66605,"highhum1","highwind1",935,6105,7040
"607","season3",1,8,"nonholiday","Wed","workingday","weather1","hightemp2",0.635733,"highhum1","lowwind2",1177,6520,7697
"608","season3",1,8,"nonholiday","Thu","workingday","weather1","hightemp2",0.652779,"highhum1","lowwind2",1172,6541,7713
"609","season3",1,8,"nonholiday","Fri","workingday","weather1","hightemp2",0.6894,"highhum1","lowwind1",1433,5917,7350
"610","season3",1,9,"nonholiday","Sat","nonworkingday","weather2","hightemp2",0.702654,"highhum1","lowwind2",2352,3788,6140
"611","season3",1,9,"nonholiday","Sun","nonworkingday","weather2","hightemp2",0.649,"highhum2","lowwind2",2613,3197,5810
"612","season3",1,9,"holiday","Mon","nonworkingday","weather1","hightemp2",0.661629,"highhum2","lowwind1",1965,4069,6034
"613","season3",1,9,"nonholiday","Tue","workingday","weather1","hightemp2",0.686888,"highhum2","highwind2",867,5997,6864
"614","season3",1,9,"nonholiday","Wed","workingday","weather1","hightemp2",0.708983,"highhum2","highwind1",832,6280,7112
"615","season3",1,9,"nonholiday","Thu","workingday","weather2","hightemp2",0.655329,"highhum2","lowwind1",611,5592,6203
"616","season3",1,9,"nonholiday","Fri","workingday","weather1","hightemp2",0.657204,"highhum2","lowwind1",1045,6459,7504
"617","season3",1,9,"nonholiday","Sat","nonworkingday","weather2","hightemp2",0.611121,"highhum2","highwind2",1557,4419,5976
"618","season3",1,9,"nonholiday","Sun","nonworkingday","weather1","hightemp1",0.578925,"highhum1","highwind1",2570,5657,8227
"619","season3",1,9,"nonholiday","Mon","workingday","weather1","hightemp1",0.565654,"highhum1","highwind2",1118,6407,7525
"620","season3",1,9,"nonholiday","Tue","workingday","weather1","hightemp1",0.554292,"highhum1","lowwind2",1070,6697,7767
"621","season3",1,9,"nonholiday","Wed","workingday","weather1","hightemp1",0.570075,"highhum1","lowwind2",1050,6820,7870
"622","season3",1,9,"nonholiday","Thu","workingday","weather1","hightemp1",0.579558,"highhum1","lowwind2",1054,6750,7804
"623","season3",1,9,"nonholiday","Fri","workingday","weather1","hightemp1",0.594083,"highhum2","lowwind2",1379,6630,8009
"624","season3",1,9,"nonholiday","Sat","nonworkingday","weather1","hightemp1",0.585867,"highhum1","highwind2",3160,5554,8714
"625","season3",1,9,"nonholiday","Sun","nonworkingday","weather1","hightemp1",0.563125,"highhum1","lowwind2",2166,5167,7333
"626","season3",1,9,"nonholiday","Mon","workingday","weather2","hightemp1",0.55305,"highhum2","lowwind1",1022,5847,6869
"627","season3",1,9,"nonholiday","Tue","workingday","weather2","hightemp1",0.565067,NA,"highwind2",371,3702,4073
"628","season3",1,9,"nonholiday","Wed","workingday","weather1","hightemp1",0.540404,"highhum1","highwind1",788,6803,7591
"629","season3",1,9,"nonholiday","Thu","workingday","weather1","hightemp1",0.532192,"highhum1","lowwind2",939,6781,7720
"630","season3",1,9,"nonholiday","Fri","workingday","weather1","hightemp1",0.571971,"highhum2","lowwind1",1250,6917,8167
"631","season3",1,9,"nonholiday","Sat","nonworkingday","weather1","hightemp1",0.610488,"highhum1","highwind2",2512,5883,8395
"632","season4",1,9,"nonholiday","Sun","nonworkingday","weather1","hightemp1",0.518933,"lowhum1","highwind1",2454,5453,7907
"633","season4",1,9,"nonholiday","Mon","workingday","weather1","hightemp1",0.502513,"lowhum1","lowwind1",1001,6435,7436
"634","season4",1,9,"nonholiday","Tue","workingday","weather1","hightemp1",0.544179,"highhum1","highwind2",845,6693,7538
"635","season4",1,9,"nonholiday","Wed","workingday","weather1","hightemp1",0.596613,"highhum1","highwind2",787,6946,7733
"636","season4",1,9,"nonholiday","Thu","workingday","weather2","hightemp1",0.607975,"highhum2","lowwind2",751,6642,7393
"637","season4",1,9,"nonholiday","Fri","workingday","weather2","hightemp1",0.585863,"highhum2","lowwind1",1045,6370,7415
"638","season4",1,9,"nonholiday","Sat","nonworkingday","weather1","hightemp1",0.530296,"highhum1","highwind1",2589,5966,8555
"639","season4",1,9,"nonholiday","Sun","nonworkingday","weather1","hightemp1",0.517663,"highhum1","lowwind1",2015,4874,6889
"640","season4",1,10,"nonholiday","Mon","workingday","weather2","hightemp1",0.512,"highhum1","lowwind2",763,6015,6778
"641","season4",1,10,"nonholiday","Tue","workingday","weather3","hightemp1",0.542333,NA,"lowwind2",315,4324,4639
"642","season4",1,10,"nonholiday","Wed","workingday","weather2","hightemp2",0.599133,"highhum2","lowwind2",728,6844,7572
"643","season4",1,10,"nonholiday","Thu","workingday","weather2","hightemp2",0.607975,"highhum2","lowwind2",891,6437,7328
"644","season4",1,10,"nonholiday","Fri","workingday","weather1","hightemp1",0.580187,"highhum1","lowwind2",1516,6640,8156
"645","season4",1,10,"nonholiday","Sat","nonworkingday","weather1","hightemp1",0.538521,"highhum2","highwind2",3031,4934,7965
"646","season4",1,10,"nonholiday","Sun","nonworkingday","weather2","lowtemp1",0.419813,"highhum2","lowwind1",781,2729,3510
"647","season4",1,10,"holiday","Mon","nonworkingday","weather2","lowtemp1",0.387608,"highhum2","highwind1",874,4604,5478
"648","season4",1,10,"nonholiday","Tue","workingday","weather2","lowtemp1",0.438112,"highhum2","highwind1",601,5791,6392
"649","season4",1,10,"nonholiday","Wed","workingday","weather1","hightemp1",0.503142,"highhum1","highwind1",780,6911,7691
"650","season4",1,10,"nonholiday","Thu","workingday","weather1","lowtemp1",0.431167,"lowhum1","highwind1",834,6736,7570
"651","season4",1,10,"nonholiday","Fri","workingday","weather1","lowtemp1",0.433071,"highhum1","highwind2",1060,6222,7282
"652","season4",1,10,"nonholiday","Sat","nonworkingday","weather1","lowtemp1",0.391396,"lowhum1","lowwind1",2252,4857,7109
"653","season4",1,10,"nonholiday","Sun","nonworkingday","weather1","hightemp1",0.508204,"highhum1","highwind2",2080,4559,6639
"654","season4",1,10,"nonholiday","Mon","workingday","weather2","hightemp1",0.53915,"highhum2","highwind2",760,5115,5875
"655","season4",1,10,"nonholiday","Tue","workingday","weather1","lowtemp1",0.460846,"highhum1","highwind1",922,6612,7534
"656","season4",1,10,"nonholiday","Wed","workingday","weather1","lowtemp1",0.450108,"highhum2","lowwind2",979,6482,7461
"657","season4",1,10,"nonholiday","Thu","workingday","weather2","hightemp1",0.512625,"highhum2","highwind2",1008,6501,7509
"658","season4",1,10,"nonholiday","Fri","workingday","weather2","hightemp1",0.537896,"highhum2","lowwind1",753,4671,5424
"659","season4",1,10,"nonholiday","Sat","nonworkingday","weather1","lowtemp1",0.472842,"highhum1","lowwind2",2806,5284,8090
"660","season4",1,10,"nonholiday","Sun","nonworkingday","weather1","lowtemp1",0.456429,"highhum1","lowwind1",2132,4692,6824
"661","season4",1,10,"nonholiday","Mon","workingday","weather1","lowtemp1",0.482942,"highhum1","lowwind2",830,6228,7058
"662","season4",1,10,"nonholiday","Tue","workingday","weather1","hightemp1",0.530304,"highhum1","lowwind2",841,6625,7466
"663","season4",1,10,"nonholiday","Wed","workingday","weather1","hightemp1",0.558721,"highhum1","lowwind2",795,6898,7693
"664","season4",1,10,"nonholiday","Thu","workingday","weather2","hightemp1",0.529688,"highhum2","lowwind2",875,6484,7359
"665","season4",1,10,"nonholiday","Fri","workingday","weather2","hightemp1",0.52275,"highhum2","lowwind2",1182,6262,7444
"666","season4",1,10,"nonholiday","Sat","nonworkingday","weather2","hightemp1",0.515133,"highhum2","highwind2",2643,5209,7852
"667","season4",1,10,"nonholiday","Sun","nonworkingday","weather2","lowtemp1",0.467771,"highhum2","highwind2",998,3461,4459
"668","season4",1,10,"nonholiday","Mon","workingday","weather3","lowtemp1",0.4394,NA,"highwind2",2,20,22
"669","season4",1,10,"nonholiday","Tue","workingday","weather2","lowtemp2",0.309909,"highhum2","highwind1",87,1009,1096
"670","season4",1,10,"nonholiday","Wed","workingday","weather2","lowtemp1",0.3611,"highhum2","lowwind1",419,5147,5566
"671","season4",1,11,"nonholiday","Thu","workingday","weather2","lowtemp1",0.369942,"highhum1","lowwind1",466,5520,5986
"672","season4",1,11,"nonholiday","Fri","workingday","weather1","lowtemp1",0.356042,"highhum1","highwind2",618,5229,5847
"673","season4",1,11,"nonholiday","Sat","nonworkingday","weather2","lowtemp1",0.323846,"lowhum1","highwind2",1029,4109,5138
"674","season4",1,11,"nonholiday","Sun","nonworkingday","weather1","lowtemp2",0.329538,"highhum1","lowwind1",1201,3906,5107
"675","season4",1,11,"nonholiday","Mon","workingday","weather1","lowtemp2",0.308075,"lowhum1","highwind2",378,4881,5259
"676","season4",1,11,"nonholiday","Tue","workingday","weather1","lowtemp2",0.281567,"highhum1","lowwind1",466,5220,5686
"677","season4",1,11,"nonholiday","Wed","workingday","weather2","lowtemp2",0.274621,"highhum1","highwind2",326,4709,5035
"678","season4",1,11,"nonholiday","Thu","workingday","weather1","lowtemp1",0.341891,"lowhum2","highwind2",340,4975,5315
"679","season4",1,11,"nonholiday","Fri","workingday","weather1","lowtemp1",0.355413,"highhum1","highwind1",709,5283,5992
"680","season4",1,11,"nonholiday","Sat","nonworkingday","weather1","lowtemp1",0.393937,"highhum1","lowwind2",2090,4446,6536
"681","season4",1,11,"nonholiday","Sun","nonworkingday","weather1","lowtemp1",0.421713,"highhum2","lowwind2",2290,4562,6852
"682","season4",1,11,"holiday","Mon","nonworkingday","weather1","lowtemp1",0.475383,"highhum2","lowwind1",1097,5172,6269
"683","season4",1,11,"nonholiday","Tue","workingday","weather2","lowtemp1",0.323225,"highhum2","highwind2",327,3767,4094
"684","season4",1,11,"nonholiday","Wed","workingday","weather1","lowtemp2",0.281563,"highhum1","highwind1",373,5122,5495
"685","season4",1,11,"nonholiday","Thu","workingday","weather2","lowtemp2",0.324492,"highhum1","lowwind1",320,5125,5445
"686","season4",1,11,"nonholiday","Fri","workingday","weather1","lowtemp1",0.347204,"highhum1","lowwind1",484,5214,5698
"687","season4",1,11,"nonholiday","Sat","nonworkingday","weather1","lowtemp2",0.326383,"highhum1","lowwind1",1313,4316,5629
"688","season4",1,11,"nonholiday","Sun","nonworkingday","weather1","lowtemp1",0.337746,"highhum2","highwind1",922,3747,4669
"689","season4",1,11,"nonholiday","Mon","workingday","weather2","lowtemp1",0.375621,"highhum1","highwind2",449,5050,5499
"690","season4",1,11,"nonholiday","Tue","workingday","weather2","lowtemp1",0.380667,"highhum2","lowwind2",534,5100,5634
"691","season4",1,11,"nonholiday","Wed","workingday","weather1","lowtemp1",0.364892,"highhum1","lowwind2",615,4531,5146
"692","season4",1,11,"holiday","Thu","nonworkingday","weather1","lowtemp1",0.350371,"highhum1","lowwind2",955,1470,2425
"693","season4",1,11,"nonholiday","Fri","workingday","weather1","lowtemp1",0.378779,"highhum1","lowwind1",1603,2307,3910
"694","season4",1,11,"nonholiday","Sat","nonworkingday","weather1","lowtemp2",0.248742,"lowhum1","highwind2",532,1745,2277
"695","season4",1,11,"nonholiday","Sun","nonworkingday","weather1","lowtemp2",0.257583,"lowhum1","lowwind1",309,2115,2424
"696","season4",1,11,"nonholiday","Mon","workingday","weather1","lowtemp2",0.339004,"highhum1","lowwind2",337,4750,5087
"697","season4",1,11,"nonholiday","Tue","workingday","weather2","lowtemp2",0.281558,"highhum2","highwind2",123,3836,3959
"698","season4",1,11,"nonholiday","Wed","workingday","weather1","lowtemp2",0.289762,"highhum1","highwind1",198,5062,5260
"699","season4",1,11,"nonholiday","Thu","workingday","weather1","lowtemp2",0.298422,"highhum1","lowwind2",243,5080,5323
"700","season4",1,11,"nonholiday","Fri","workingday","weather1","lowtemp2",0.323867,"highhum1","lowwind2",362,5306,5668
"701","season4",1,12,"nonholiday","Sat","nonworkingday","weather2","lowtemp2",0.316904,"highhum2","lowwind2",951,4240,5191
"702","season4",1,12,"nonholiday","Sun","nonworkingday","weather2","lowtemp1",0.359208,"highhum2","lowwind2",892,3757,4649
"703","season4",1,12,"nonholiday","Mon","workingday","weather1","lowtemp1",0.455796,"highhum2","lowwind2",555,5679,6234
"704","season4",1,12,"nonholiday","Tue","workingday","weather1","lowtemp1",0.469054,"highhum2","lowwind1",551,6055,6606
"705","season4",1,12,"nonholiday","Wed","workingday","weather1","lowtemp1",0.428012,"lowhum1","highwind2",331,5398,5729
"706","season4",1,12,"nonholiday","Thu","workingday","weather1","lowtemp2",0.258204,"highhum1","lowwind1",340,5035,5375
"707","season4",1,12,"nonholiday","Fri","workingday","weather2","lowtemp2",0.321958,"highhum2","lowwind2",349,4659,5008
"708","season4",1,12,"nonholiday","Sat","nonworkingday","weather2","lowtemp1",0.389508,NA,"lowwind2",1153,4429,5582
"709","season4",1,12,"nonholiday","Sun","nonworkingday","weather2","lowtemp1",0.390146,NA,"lowwind1",441,2787,3228
"710","season4",1,12,"nonholiday","Mon","workingday","weather2","lowtemp1",0.435575,NA,"highwind1",329,4841,5170
"711","season4",1,12,"nonholiday","Tue","workingday","weather2","lowtemp1",0.338363,"highhum1","highwind2",282,5219,5501
"712","season4",1,12,"nonholiday","Wed","workingday","weather2","lowtemp2",0.297338,"highhum1","lowwind1",310,5009,5319
"713","season4",1,12,"nonholiday","Thu","workingday","weather1","lowtemp2",0.294188,"lowhum1","lowwind1",425,5107,5532
"714","season4",1,12,"nonholiday","Fri","workingday","weather1","lowtemp2",0.294192,"highhum1","lowwind2",429,5182,5611
"715","season4",1,12,"nonholiday","Sat","nonworkingday","weather1","lowtemp2",0.338383,"highhum1","lowwind2",767,4280,5047
"716","season4",1,12,"nonholiday","Sun","nonworkingday","weather2","lowtemp1",0.369938,"highhum2","lowwind2",538,3248,3786
"717","season4",1,12,"nonholiday","Mon","workingday","weather2","lowtemp1",0.4015,NA,"lowwind2",212,4373,4585
"718","season4",1,12,"nonholiday","Tue","workingday","weather1","lowtemp1",0.409708,"highhum2","highwind1",433,5124,5557
"719","season4",1,12,"nonholiday","Wed","workingday","weather1","lowtemp2",0.342162,"highhum1","highwind1",333,4934,5267
"720","season4",1,12,"nonholiday","Thu","workingday","weather2","lowtemp2",0.335217,"highhum2","lowwind2",314,3814,4128
"721","season1",1,12,"nonholiday","Fri","workingday","weather2","lowtemp2",0.301767,"highhum1","highwind2",221,3402,3623
"722","season1",1,12,"nonholiday","Sat","nonworkingday","weather1","lowtemp2",0.236113,"lowhum1","highwind2",205,1544,1749
"723","season1",1,12,"nonholiday","Sun","nonworkingday","weather1","lowtemp2",0.259471,"highhum1","lowwind2",408,1379,1787
"724","season1",1,12,"nonholiday","Mon","workingday","weather2","lowtemp2",0.2589,"highhum2","lowwind2",174,746,920
"725","season1",1,12,"holiday","Tue","nonworkingday","weather2","lowtemp2",0.294465,"highhum2","lowwind1",440,573,1013
"726","season1",1,12,"nonholiday","Wed","workingday","weather3","lowtemp2",0.220333,"highhum2","highwind2",9,432,441
"727","season1",1,12,"nonholiday","Thu","workingday","weather2","lowtemp2",0.226642,"highhum1","highwind2",247,1867,2114
"728","season1",1,12,"nonholiday","Fri","workingday","weather2","lowtemp2",0.255046,"highhum1","lowwind1",644,2451,3095
"729","season1",1,12,"nonholiday","Sat","nonworkingday","weather2","lowtemp2",0.2424,"highhum2","lowwind2",159,1182,1341
"730","season1",1,12,"nonholiday","Sun","nonworkingday","weather1","lowtemp2",0.2317,"lowhum1","highwind2",364,1432,1796
"731","season1",1,12,"nonholiday","Mon","workingday","weather2","lowtemp2",0.223487,"highhum1","lowwind1",439,2290,2729
